CRITICAL - 2026-05-23 17:28:56 --> Error: Class "App\Controllers\MY_Controller" not found
[Method: GET, Route: /]
in APPPATH/Controllers/Home.php on line 6.
 1 VENDORPATH/composer/ClassLoader.php(571): include()
 2 VENDORPATH/composer/ClassLoader.php(428): Composer\Autoload\includeFile()
 3 [internal function]: Composer\Autoload\ClassLoader->loadClass()
 4 SYSTEMPATH/Router/Router.php(790): class_exists()
 5 SYSTEMPATH/Router/Router.php(228): CodeIgniter\Router\Router->processRouteAttributes()
 6 SYSTEMPATH/CodeIgniter.php(852): CodeIgniter\Router\Router->handle()
 7 SYSTEMPATH/CodeIgniter.php(464): CodeIgniter\CodeIgniter->tryToRouteIt()
 8 SYSTEMPATH/CodeIgniter.php(363): CodeIgniter\CodeIgniter->handleRequest()
 9 SYSTEMPATH/Boot.php(417): CodeIgniter\CodeIgniter->run()
10 SYSTEMPATH/Boot.php(68): CodeIgniter\Boot::runCodeIgniter()
11 FCPATH/index.php(59): CodeIgniter\Boot::bootWeb()
CRITICAL - 2026-05-23 17:29:22 --> Error: Cannot call constructor
[Method: GET, Route: /]
in APPPATH/Controllers/Home.php on line 10.
 1 SYSTEMPATH/CodeIgniter.php(944): App\Controllers\Home->__construct()
 2 SYSTEMPATH/CodeIgniter.php(511): CodeIgniter\CodeIgniter->createController()
 3 SYSTEMPATH/CodeIgniter.php(363): CodeIgniter\CodeIgniter->handleRequest()
 4 SYSTEMPATH/Boot.php(417): CodeIgniter\CodeIgniter->run()
 5 SYSTEMPATH/Boot.php(68): CodeIgniter\Boot::runCodeIgniter()
 6 FCPATH/index.php(59): CodeIgniter\Boot::bootWeb()
DEBUG - 2026-05-23 17:29:49 --> Session: Class initialized using 'CodeIgniter\Session\Handlers\FileHandler' driver.
WARNING - 2026-05-23 17:29:49 --> [DEPRECATED] Creation of dynamic property App\Controllers\Home::$session is deprecated in APPPATH/Controllers/BaseController.php on line 43.
 1 APPPATH/Controllers/MY_Controller.php(14): App\Controllers\BaseController->initController(Object(CodeIgniter\HTTP\IncomingRequest), Object(CodeIgniter\HTTP\Response), Object(CodeIgniter\Log\Logger))
 2 APPPATH/Controllers/Home.php(13): App\Controllers\MY_Controller->initController(Object(CodeIgniter\HTTP\IncomingRequest), Object(CodeIgniter\HTTP\Response), Object(CodeIgniter\Log\Logger))
 3 SYSTEMPATH/CodeIgniter.php(945): App\Controllers\Home->initController(Object(CodeIgniter\HTTP\IncomingRequest), Object(CodeIgniter\HTTP\Response), Object(CodeIgniter\Log\Logger))
 4 SYSTEMPATH/CodeIgniter.php(511): CodeIgniter\CodeIgniter->createController()
 5 SYSTEMPATH/CodeIgniter.php(363): CodeIgniter\CodeIgniter->handleRequest(null, Object(Config\Cache), false)
 6 SYSTEMPATH/Boot.php(417): CodeIgniter\CodeIgniter->run()
 7 SYSTEMPATH/Boot.php(68): CodeIgniter\Boot::runCodeIgniter(Object(CodeIgniter\CodeIgniter))
 8 FCPATH/index.php(59): CodeIgniter\Boot::bootWeb(Object(Config\Paths))
WARNING - 2026-05-23 17:29:49 --> [DEPRECATED] Creation of dynamic property App\Controllers\Home::$Model_lang is deprecated in APPPATH/Controllers/MY_Controller.php on line 17.
 1 APPPATH/Controllers/Home.php(13): App\Controllers\MY_Controller->initController(Object(CodeIgniter\HTTP\IncomingRequest), Object(CodeIgniter\HTTP\Response), Object(CodeIgniter\Log\Logger))
 2 SYSTEMPATH/CodeIgniter.php(945): App\Controllers\Home->initController(Object(CodeIgniter\HTTP\IncomingRequest), Object(CodeIgniter\HTTP\Response), Object(CodeIgniter\Log\Logger))
 3 SYSTEMPATH/CodeIgniter.php(511): CodeIgniter\CodeIgniter->createController()
 4 SYSTEMPATH/CodeIgniter.php(363): CodeIgniter\CodeIgniter->handleRequest(null, Object(Config\Cache), false)
 5 SYSTEMPATH/Boot.php(417): CodeIgniter\CodeIgniter->run()
 6 SYSTEMPATH/Boot.php(68): CodeIgniter\Boot::runCodeIgniter(Object(CodeIgniter\CodeIgniter))
 7 FCPATH/index.php(59): CodeIgniter\Boot::bootWeb(Object(Config\Paths))
CRITICAL - 2026-05-23 17:29:49 --> ErrorException: Undefined property: App\Controllers\Home::$load
[Method: GET, Route: /]
in APPPATH/Controllers/Home.php on line 14.
 1 APPPATH/Controllers/Home.php(14): CodeIgniter\Debug\Exceptions->errorHandler()
 2 SYSTEMPATH/CodeIgniter.php(945): App\Controllers\Home->initController()
 3 SYSTEMPATH/CodeIgniter.php(511): CodeIgniter\CodeIgniter->createController()
 4 SYSTEMPATH/CodeIgniter.php(363): CodeIgniter\CodeIgniter->handleRequest()
 5 SYSTEMPATH/Boot.php(417): CodeIgniter\CodeIgniter->run()
 6 SYSTEMPATH/Boot.php(68): CodeIgniter\Boot::runCodeIgniter()
 7 FCPATH/index.php(59): CodeIgniter\Boot::bootWeb()
DEBUG - 2026-05-23 17:30:47 --> Session: Class initialized using 'CodeIgniter\Session\Handlers\FileHandler' driver.
WARNING - 2026-05-23 17:30:47 --> [DEPRECATED] Creation of dynamic property App\Controllers\Home::$session is deprecated in APPPATH/Controllers/BaseController.php on line 43.
 1 APPPATH/Controllers/MY_Controller.php(14): App\Controllers\BaseController->initController(Object(CodeIgniter\HTTP\IncomingRequest), Object(CodeIgniter\HTTP\Response), Object(CodeIgniter\Log\Logger))
 2 APPPATH/Controllers/Home.php(13): App\Controllers\MY_Controller->initController(Object(CodeIgniter\HTTP\IncomingRequest), Object(CodeIgniter\HTTP\Response), Object(CodeIgniter\Log\Logger))
 3 SYSTEMPATH/CodeIgniter.php(945): App\Controllers\Home->initController(Object(CodeIgniter\HTTP\IncomingRequest), Object(CodeIgniter\HTTP\Response), Object(CodeIgniter\Log\Logger))
 4 SYSTEMPATH/CodeIgniter.php(511): CodeIgniter\CodeIgniter->createController()
 5 SYSTEMPATH/CodeIgniter.php(363): CodeIgniter\CodeIgniter->handleRequest(null, Object(Config\Cache), false)
 6 SYSTEMPATH/Boot.php(417): CodeIgniter\CodeIgniter->run()
 7 SYSTEMPATH/Boot.php(68): CodeIgniter\Boot::runCodeIgniter(Object(CodeIgniter\CodeIgniter))
 8 FCPATH/index.php(59): CodeIgniter\Boot::bootWeb(Object(Config\Paths))
WARNING - 2026-05-23 17:30:47 --> [DEPRECATED] Creation of dynamic property App\Controllers\Home::$Model_lang is deprecated in APPPATH/Controllers/MY_Controller.php on line 17.
 1 APPPATH/Controllers/Home.php(13): App\Controllers\MY_Controller->initController(Object(CodeIgniter\HTTP\IncomingRequest), Object(CodeIgniter\HTTP\Response), Object(CodeIgniter\Log\Logger))
 2 SYSTEMPATH/CodeIgniter.php(945): App\Controllers\Home->initController(Object(CodeIgniter\HTTP\IncomingRequest), Object(CodeIgniter\HTTP\Response), Object(CodeIgniter\Log\Logger))
 3 SYSTEMPATH/CodeIgniter.php(511): CodeIgniter\CodeIgniter->createController()
 4 SYSTEMPATH/CodeIgniter.php(363): CodeIgniter\CodeIgniter->handleRequest(null, Object(Config\Cache), false)
 5 SYSTEMPATH/Boot.php(417): CodeIgniter\CodeIgniter->run()
 6 SYSTEMPATH/Boot.php(68): CodeIgniter\Boot::runCodeIgniter(Object(CodeIgniter\CodeIgniter))
 7 FCPATH/index.php(59): CodeIgniter\Boot::bootWeb(Object(Config\Paths))
CRITICAL - 2026-05-23 17:30:47 --> ErrorException: Undefined property: App\Controllers\Home::$load
[Method: GET, Route: /]
in APPPATH/Controllers/Home.php on line 14.
 1 APPPATH/Controllers/Home.php(14): CodeIgniter\Debug\Exceptions->errorHandler()
 2 SYSTEMPATH/CodeIgniter.php(945): App\Controllers\Home->initController()
 3 SYSTEMPATH/CodeIgniter.php(511): CodeIgniter\CodeIgniter->createController()
 4 SYSTEMPATH/CodeIgniter.php(363): CodeIgniter\CodeIgniter->handleRequest()
 5 SYSTEMPATH/Boot.php(417): CodeIgniter\CodeIgniter->run()
 6 SYSTEMPATH/Boot.php(68): CodeIgniter\Boot::runCodeIgniter()
 7 FCPATH/index.php(59): CodeIgniter\Boot::bootWeb()
DEBUG - 2026-05-23 17:31:14 --> Session: Class initialized using 'CodeIgniter\Session\Handlers\FileHandler' driver.
WARNING - 2026-05-23 17:31:14 --> [DEPRECATED] Creation of dynamic property App\Controllers\Home::$session is deprecated in APPPATH/Controllers/BaseController.php on line 43.
 1 APPPATH/Controllers/MY_Controller.php(14): App\Controllers\BaseController->initController(Object(CodeIgniter\HTTP\IncomingRequest), Object(CodeIgniter\HTTP\Response), Object(CodeIgniter\Log\Logger))
 2 APPPATH/Controllers/Home.php(13): App\Controllers\MY_Controller->initController(Object(CodeIgniter\HTTP\IncomingRequest), Object(CodeIgniter\HTTP\Response), Object(CodeIgniter\Log\Logger))
 3 SYSTEMPATH/CodeIgniter.php(945): App\Controllers\Home->initController(Object(CodeIgniter\HTTP\IncomingRequest), Object(CodeIgniter\HTTP\Response), Object(CodeIgniter\Log\Logger))
 4 SYSTEMPATH/CodeIgniter.php(511): CodeIgniter\CodeIgniter->createController()
 5 SYSTEMPATH/CodeIgniter.php(363): CodeIgniter\CodeIgniter->handleRequest(null, Object(Config\Cache), false)
 6 SYSTEMPATH/Boot.php(417): CodeIgniter\CodeIgniter->run()
 7 SYSTEMPATH/Boot.php(68): CodeIgniter\Boot::runCodeIgniter(Object(CodeIgniter\CodeIgniter))
 8 FCPATH/index.php(59): CodeIgniter\Boot::bootWeb(Object(Config\Paths))
WARNING - 2026-05-23 17:31:14 --> [DEPRECATED] Creation of dynamic property App\Controllers\Home::$Model_lang is deprecated in APPPATH/Controllers/MY_Controller.php on line 17.
 1 APPPATH/Controllers/Home.php(13): App\Controllers\MY_Controller->initController(Object(CodeIgniter\HTTP\IncomingRequest), Object(CodeIgniter\HTTP\Response), Object(CodeIgniter\Log\Logger))
 2 SYSTEMPATH/CodeIgniter.php(945): App\Controllers\Home->initController(Object(CodeIgniter\HTTP\IncomingRequest), Object(CodeIgniter\HTTP\Response), Object(CodeIgniter\Log\Logger))
 3 SYSTEMPATH/CodeIgniter.php(511): CodeIgniter\CodeIgniter->createController()
 4 SYSTEMPATH/CodeIgniter.php(363): CodeIgniter\CodeIgniter->handleRequest(null, Object(Config\Cache), false)
 5 SYSTEMPATH/Boot.php(417): CodeIgniter\CodeIgniter->run()
 6 SYSTEMPATH/Boot.php(68): CodeIgniter\Boot::runCodeIgniter(Object(CodeIgniter\CodeIgniter))
 7 FCPATH/index.php(59): CodeIgniter\Boot::bootWeb(Object(Config\Paths))
WARNING - 2026-05-23 17:31:14 --> [DEPRECATED] Creation of dynamic property App\Controllers\Home::$Model_common is deprecated in APPPATH/Controllers/Home.php on line 14.
 1 SYSTEMPATH/CodeIgniter.php(945): App\Controllers\Home->initController(Object(CodeIgniter\HTTP\IncomingRequest), Object(CodeIgniter\HTTP\Response), Object(CodeIgniter\Log\Logger))
 2 SYSTEMPATH/CodeIgniter.php(511): CodeIgniter\CodeIgniter->createController()
 3 SYSTEMPATH/CodeIgniter.php(363): CodeIgniter\CodeIgniter->handleRequest(null, Object(Config\Cache), false)
 4 SYSTEMPATH/Boot.php(417): CodeIgniter\CodeIgniter->run()
 5 SYSTEMPATH/Boot.php(68): CodeIgniter\Boot::runCodeIgniter(Object(CodeIgniter\CodeIgniter))
 6 FCPATH/index.php(59): CodeIgniter\Boot::bootWeb(Object(Config\Paths))
WARNING - 2026-05-23 17:31:14 --> [DEPRECATED] Creation of dynamic property App\Controllers\Home::$Model_home is deprecated in APPPATH/Controllers/Home.php on line 15.
 1 SYSTEMPATH/CodeIgniter.php(945): App\Controllers\Home->initController(Object(CodeIgniter\HTTP\IncomingRequest), Object(CodeIgniter\HTTP\Response), Object(CodeIgniter\Log\Logger))
 2 SYSTEMPATH/CodeIgniter.php(511): CodeIgniter\CodeIgniter->createController()
 3 SYSTEMPATH/CodeIgniter.php(363): CodeIgniter\CodeIgniter->handleRequest(null, Object(Config\Cache), false)
 4 SYSTEMPATH/Boot.php(417): CodeIgniter\CodeIgniter->run()
 5 SYSTEMPATH/Boot.php(68): CodeIgniter\Boot::runCodeIgniter(Object(CodeIgniter\CodeIgniter))
 6 FCPATH/index.php(59): CodeIgniter\Boot::bootWeb(Object(Config\Paths))
WARNING - 2026-05-23 17:31:14 --> [DEPRECATED] Creation of dynamic property App\Controllers\Home::$Model_portfolio is deprecated in APPPATH/Controllers/Home.php on line 16.
 1 SYSTEMPATH/CodeIgniter.php(945): App\Controllers\Home->initController(Object(CodeIgniter\HTTP\IncomingRequest), Object(CodeIgniter\HTTP\Response), Object(CodeIgniter\Log\Logger))
 2 SYSTEMPATH/CodeIgniter.php(511): CodeIgniter\CodeIgniter->createController()
 3 SYSTEMPATH/CodeIgniter.php(363): CodeIgniter\CodeIgniter->handleRequest(null, Object(Config\Cache), false)
 4 SYSTEMPATH/Boot.php(417): CodeIgniter\CodeIgniter->run()
 5 SYSTEMPATH/Boot.php(68): CodeIgniter\Boot::runCodeIgniter(Object(CodeIgniter\CodeIgniter))
 6 FCPATH/index.php(59): CodeIgniter\Boot::bootWeb(Object(Config\Paths))
DEBUG - 2026-05-23 17:31:32 --> Session: Class initialized using 'CodeIgniter\Session\Handlers\FileHandler' driver.
WARNING - 2026-05-23 17:31:32 --> [DEPRECATED] Creation of dynamic property App\Controllers\Home::$session is deprecated in APPPATH/Controllers/BaseController.php on line 43.
 1 APPPATH/Controllers/MY_Controller.php(14): App\Controllers\BaseController->initController(Object(CodeIgniter\HTTP\IncomingRequest), Object(CodeIgniter\HTTP\Response), Object(CodeIgniter\Log\Logger))
 2 APPPATH/Controllers/Home.php(13): App\Controllers\MY_Controller->initController(Object(CodeIgniter\HTTP\IncomingRequest), Object(CodeIgniter\HTTP\Response), Object(CodeIgniter\Log\Logger))
 3 SYSTEMPATH/CodeIgniter.php(945): App\Controllers\Home->initController(Object(CodeIgniter\HTTP\IncomingRequest), Object(CodeIgniter\HTTP\Response), Object(CodeIgniter\Log\Logger))
 4 SYSTEMPATH/CodeIgniter.php(511): CodeIgniter\CodeIgniter->createController()
 5 SYSTEMPATH/CodeIgniter.php(363): CodeIgniter\CodeIgniter->handleRequest(null, Object(Config\Cache), false)
 6 SYSTEMPATH/Boot.php(417): CodeIgniter\CodeIgniter->run()
 7 SYSTEMPATH/Boot.php(68): CodeIgniter\Boot::runCodeIgniter(Object(CodeIgniter\CodeIgniter))
 8 FCPATH/index.php(59): CodeIgniter\Boot::bootWeb(Object(Config\Paths))
WARNING - 2026-05-23 17:31:32 --> [DEPRECATED] Creation of dynamic property App\Controllers\Home::$Model_lang is deprecated in APPPATH/Controllers/MY_Controller.php on line 17.
 1 APPPATH/Controllers/Home.php(13): App\Controllers\MY_Controller->initController(Object(CodeIgniter\HTTP\IncomingRequest), Object(CodeIgniter\HTTP\Response), Object(CodeIgniter\Log\Logger))
 2 SYSTEMPATH/CodeIgniter.php(945): App\Controllers\Home->initController(Object(CodeIgniter\HTTP\IncomingRequest), Object(CodeIgniter\HTTP\Response), Object(CodeIgniter\Log\Logger))
 3 SYSTEMPATH/CodeIgniter.php(511): CodeIgniter\CodeIgniter->createController()
 4 SYSTEMPATH/CodeIgniter.php(363): CodeIgniter\CodeIgniter->handleRequest(null, Object(Config\Cache), false)
 5 SYSTEMPATH/Boot.php(417): CodeIgniter\CodeIgniter->run()
 6 SYSTEMPATH/Boot.php(68): CodeIgniter\Boot::runCodeIgniter(Object(CodeIgniter\CodeIgniter))
 7 FCPATH/index.php(59): CodeIgniter\Boot::bootWeb(Object(Config\Paths))
WARNING - 2026-05-23 17:31:32 --> [DEPRECATED] Creation of dynamic property App\Controllers\Home::$Model_common is deprecated in APPPATH/Controllers/Home.php on line 14.
 1 SYSTEMPATH/CodeIgniter.php(945): App\Controllers\Home->initController(Object(CodeIgniter\HTTP\IncomingRequest), Object(CodeIgniter\HTTP\Response), Object(CodeIgniter\Log\Logger))
 2 SYSTEMPATH/CodeIgniter.php(511): CodeIgniter\CodeIgniter->createController()
 3 SYSTEMPATH/CodeIgniter.php(363): CodeIgniter\CodeIgniter->handleRequest(null, Object(Config\Cache), false)
 4 SYSTEMPATH/Boot.php(417): CodeIgniter\CodeIgniter->run()
 5 SYSTEMPATH/Boot.php(68): CodeIgniter\Boot::runCodeIgniter(Object(CodeIgniter\CodeIgniter))
 6 FCPATH/index.php(59): CodeIgniter\Boot::bootWeb(Object(Config\Paths))
WARNING - 2026-05-23 17:31:32 --> [DEPRECATED] Creation of dynamic property App\Controllers\Home::$Model_home is deprecated in APPPATH/Controllers/Home.php on line 15.
 1 SYSTEMPATH/CodeIgniter.php(945): App\Controllers\Home->initController(Object(CodeIgniter\HTTP\IncomingRequest), Object(CodeIgniter\HTTP\Response), Object(CodeIgniter\Log\Logger))
 2 SYSTEMPATH/CodeIgniter.php(511): CodeIgniter\CodeIgniter->createController()
 3 SYSTEMPATH/CodeIgniter.php(363): CodeIgniter\CodeIgniter->handleRequest(null, Object(Config\Cache), false)
 4 SYSTEMPATH/Boot.php(417): CodeIgniter\CodeIgniter->run()
 5 SYSTEMPATH/Boot.php(68): CodeIgniter\Boot::runCodeIgniter(Object(CodeIgniter\CodeIgniter))
 6 FCPATH/index.php(59): CodeIgniter\Boot::bootWeb(Object(Config\Paths))
WARNING - 2026-05-23 17:31:32 --> [DEPRECATED] Creation of dynamic property App\Controllers\Home::$Model_portfolio is deprecated in APPPATH/Controllers/Home.php on line 16.
 1 SYSTEMPATH/CodeIgniter.php(945): App\Controllers\Home->initController(Object(CodeIgniter\HTTP\IncomingRequest), Object(CodeIgniter\HTTP\Response), Object(CodeIgniter\Log\Logger))
 2 SYSTEMPATH/CodeIgniter.php(511): CodeIgniter\CodeIgniter->createController()
 3 SYSTEMPATH/CodeIgniter.php(363): CodeIgniter\CodeIgniter->handleRequest(null, Object(Config\Cache), false)
 4 SYSTEMPATH/Boot.php(417): CodeIgniter\CodeIgniter->run()
 5 SYSTEMPATH/Boot.php(68): CodeIgniter\Boot::runCodeIgniter(Object(CodeIgniter\CodeIgniter))
 6 FCPATH/index.php(59): CodeIgniter\Boot::bootWeb(Object(Config\Paths))
CRITICAL - 2026-05-23 17:31:32 --> Error: Call to undefined function get_instance()
[Method: GET, Route: /]
in APPPATH/Views/view_header.php on line 14.
 1 SYSTEMPATH/View/View.php(240): include()
 2 SYSTEMPATH/View/View.php(243): CodeIgniter\View\View->CodeIgniter\View\{closure}()
 3 SYSTEMPATH/Common.php(1254): CodeIgniter\View\View->render()
 4 APPPATH/Controllers/Home.php(44): view()
 5 SYSTEMPATH/CodeIgniter.php(974): App\Controllers\Home->index()
 6 SYSTEMPATH/CodeIgniter.php(520): CodeIgniter\CodeIgniter->runController()
 7 SYSTEMPATH/CodeIgniter.php(363): CodeIgniter\CodeIgniter->handleRequest()
 8 SYSTEMPATH/Boot.php(417): CodeIgniter\CodeIgniter->run()
 9 SYSTEMPATH/Boot.php(68): CodeIgniter\Boot::runCodeIgniter()
10 FCPATH/index.php(59): CodeIgniter\Boot::bootWeb()
DEBUG - 2026-05-23 17:32:01 --> Session: Class initialized using 'CodeIgniter\Session\Handlers\FileHandler' driver.
WARNING - 2026-05-23 17:32:01 --> [DEPRECATED] Creation of dynamic property App\Controllers\Home::$session is deprecated in APPPATH/Controllers/BaseController.php on line 43.
 1 APPPATH/Controllers/MY_Controller.php(14): App\Controllers\BaseController->initController(Object(CodeIgniter\HTTP\IncomingRequest), Object(CodeIgniter\HTTP\Response), Object(CodeIgniter\Log\Logger))
 2 APPPATH/Controllers/Home.php(13): App\Controllers\MY_Controller->initController(Object(CodeIgniter\HTTP\IncomingRequest), Object(CodeIgniter\HTTP\Response), Object(CodeIgniter\Log\Logger))
 3 SYSTEMPATH/CodeIgniter.php(945): App\Controllers\Home->initController(Object(CodeIgniter\HTTP\IncomingRequest), Object(CodeIgniter\HTTP\Response), Object(CodeIgniter\Log\Logger))
 4 SYSTEMPATH/CodeIgniter.php(511): CodeIgniter\CodeIgniter->createController()
 5 SYSTEMPATH/CodeIgniter.php(363): CodeIgniter\CodeIgniter->handleRequest(null, Object(Config\Cache), false)
 6 SYSTEMPATH/Boot.php(417): CodeIgniter\CodeIgniter->run()
 7 SYSTEMPATH/Boot.php(68): CodeIgniter\Boot::runCodeIgniter(Object(CodeIgniter\CodeIgniter))
 8 FCPATH/index.php(59): CodeIgniter\Boot::bootWeb(Object(Config\Paths))
WARNING - 2026-05-23 17:32:01 --> [DEPRECATED] Creation of dynamic property App\Controllers\Home::$Model_lang is deprecated in APPPATH/Controllers/MY_Controller.php on line 17.
 1 APPPATH/Controllers/Home.php(13): App\Controllers\MY_Controller->initController(Object(CodeIgniter\HTTP\IncomingRequest), Object(CodeIgniter\HTTP\Response), Object(CodeIgniter\Log\Logger))
 2 SYSTEMPATH/CodeIgniter.php(945): App\Controllers\Home->initController(Object(CodeIgniter\HTTP\IncomingRequest), Object(CodeIgniter\HTTP\Response), Object(CodeIgniter\Log\Logger))
 3 SYSTEMPATH/CodeIgniter.php(511): CodeIgniter\CodeIgniter->createController()
 4 SYSTEMPATH/CodeIgniter.php(363): CodeIgniter\CodeIgniter->handleRequest(null, Object(Config\Cache), false)
 5 SYSTEMPATH/Boot.php(417): CodeIgniter\CodeIgniter->run()
 6 SYSTEMPATH/Boot.php(68): CodeIgniter\Boot::runCodeIgniter(Object(CodeIgniter\CodeIgniter))
 7 FCPATH/index.php(59): CodeIgniter\Boot::bootWeb(Object(Config\Paths))
WARNING - 2026-05-23 17:32:01 --> [DEPRECATED] Creation of dynamic property App\Controllers\Home::$Model_common is deprecated in APPPATH/Controllers/Home.php on line 14.
 1 SYSTEMPATH/CodeIgniter.php(945): App\Controllers\Home->initController(Object(CodeIgniter\HTTP\IncomingRequest), Object(CodeIgniter\HTTP\Response), Object(CodeIgniter\Log\Logger))
 2 SYSTEMPATH/CodeIgniter.php(511): CodeIgniter\CodeIgniter->createController()
 3 SYSTEMPATH/CodeIgniter.php(363): CodeIgniter\CodeIgniter->handleRequest(null, Object(Config\Cache), false)
 4 SYSTEMPATH/Boot.php(417): CodeIgniter\CodeIgniter->run()
 5 SYSTEMPATH/Boot.php(68): CodeIgniter\Boot::runCodeIgniter(Object(CodeIgniter\CodeIgniter))
 6 FCPATH/index.php(59): CodeIgniter\Boot::bootWeb(Object(Config\Paths))
WARNING - 2026-05-23 17:32:01 --> [DEPRECATED] Creation of dynamic property App\Controllers\Home::$Model_home is deprecated in APPPATH/Controllers/Home.php on line 15.
 1 SYSTEMPATH/CodeIgniter.php(945): App\Controllers\Home->initController(Object(CodeIgniter\HTTP\IncomingRequest), Object(CodeIgniter\HTTP\Response), Object(CodeIgniter\Log\Logger))
 2 SYSTEMPATH/CodeIgniter.php(511): CodeIgniter\CodeIgniter->createController()
 3 SYSTEMPATH/CodeIgniter.php(363): CodeIgniter\CodeIgniter->handleRequest(null, Object(Config\Cache), false)
 4 SYSTEMPATH/Boot.php(417): CodeIgniter\CodeIgniter->run()
 5 SYSTEMPATH/Boot.php(68): CodeIgniter\Boot::runCodeIgniter(Object(CodeIgniter\CodeIgniter))
 6 FCPATH/index.php(59): CodeIgniter\Boot::bootWeb(Object(Config\Paths))
WARNING - 2026-05-23 17:32:01 --> [DEPRECATED] Creation of dynamic property App\Controllers\Home::$Model_portfolio is deprecated in APPPATH/Controllers/Home.php on line 16.
 1 SYSTEMPATH/CodeIgniter.php(945): App\Controllers\Home->initController(Object(CodeIgniter\HTTP\IncomingRequest), Object(CodeIgniter\HTTP\Response), Object(CodeIgniter\Log\Logger))
 2 SYSTEMPATH/CodeIgniter.php(511): CodeIgniter\CodeIgniter->createController()
 3 SYSTEMPATH/CodeIgniter.php(363): CodeIgniter\CodeIgniter->handleRequest(null, Object(Config\Cache), false)
 4 SYSTEMPATH/Boot.php(417): CodeIgniter\CodeIgniter->run()
 5 SYSTEMPATH/Boot.php(68): CodeIgniter\Boot::runCodeIgniter(Object(CodeIgniter\CodeIgniter))
 6 FCPATH/index.php(59): CodeIgniter\Boot::bootWeb(Object(Config\Paths))
CRITICAL - 2026-05-23 17:32:01 --> ParseError: syntax error, unexpected integer "2", expecting ")"
[Method: GET, Route: /]
in APPPATH/Views/view_header.php on line 23.
 1 SYSTEMPATH/View/View.php(243): CodeIgniter\View\View->CodeIgniter\View\{closure}()
 2 SYSTEMPATH/Common.php(1254): CodeIgniter\View\View->render()
 3 APPPATH/Controllers/Home.php(44): view()
 4 SYSTEMPATH/CodeIgniter.php(974): App\Controllers\Home->index()
 5 SYSTEMPATH/CodeIgniter.php(520): CodeIgniter\CodeIgniter->runController()
 6 SYSTEMPATH/CodeIgniter.php(363): CodeIgniter\CodeIgniter->handleRequest()
 7 SYSTEMPATH/Boot.php(417): CodeIgniter\CodeIgniter->run()
 8 SYSTEMPATH/Boot.php(68): CodeIgniter\Boot::runCodeIgniter()
 9 FCPATH/index.php(59): CodeIgniter\Boot::bootWeb()
DEBUG - 2026-05-23 17:32:29 --> Session: Class initialized using 'CodeIgniter\Session\Handlers\FileHandler' driver.
WARNING - 2026-05-23 17:32:29 --> [DEPRECATED] Creation of dynamic property App\Controllers\Home::$session is deprecated in APPPATH/Controllers/BaseController.php on line 43.
 1 APPPATH/Controllers/MY_Controller.php(14): App\Controllers\BaseController->initController(Object(CodeIgniter\HTTP\IncomingRequest), Object(CodeIgniter\HTTP\Response), Object(CodeIgniter\Log\Logger))
 2 APPPATH/Controllers/Home.php(13): App\Controllers\MY_Controller->initController(Object(CodeIgniter\HTTP\IncomingRequest), Object(CodeIgniter\HTTP\Response), Object(CodeIgniter\Log\Logger))
 3 SYSTEMPATH/CodeIgniter.php(945): App\Controllers\Home->initController(Object(CodeIgniter\HTTP\IncomingRequest), Object(CodeIgniter\HTTP\Response), Object(CodeIgniter\Log\Logger))
 4 SYSTEMPATH/CodeIgniter.php(511): CodeIgniter\CodeIgniter->createController()
 5 SYSTEMPATH/CodeIgniter.php(363): CodeIgniter\CodeIgniter->handleRequest(null, Object(Config\Cache), false)
 6 SYSTEMPATH/Boot.php(417): CodeIgniter\CodeIgniter->run()
 7 SYSTEMPATH/Boot.php(68): CodeIgniter\Boot::runCodeIgniter(Object(CodeIgniter\CodeIgniter))
 8 FCPATH/index.php(59): CodeIgniter\Boot::bootWeb(Object(Config\Paths))
WARNING - 2026-05-23 17:32:29 --> [DEPRECATED] Creation of dynamic property App\Controllers\Home::$Model_lang is deprecated in APPPATH/Controllers/MY_Controller.php on line 17.
 1 APPPATH/Controllers/Home.php(13): App\Controllers\MY_Controller->initController(Object(CodeIgniter\HTTP\IncomingRequest), Object(CodeIgniter\HTTP\Response), Object(CodeIgniter\Log\Logger))
 2 SYSTEMPATH/CodeIgniter.php(945): App\Controllers\Home->initController(Object(CodeIgniter\HTTP\IncomingRequest), Object(CodeIgniter\HTTP\Response), Object(CodeIgniter\Log\Logger))
 3 SYSTEMPATH/CodeIgniter.php(511): CodeIgniter\CodeIgniter->createController()
 4 SYSTEMPATH/CodeIgniter.php(363): CodeIgniter\CodeIgniter->handleRequest(null, Object(Config\Cache), false)
 5 SYSTEMPATH/Boot.php(417): CodeIgniter\CodeIgniter->run()
 6 SYSTEMPATH/Boot.php(68): CodeIgniter\Boot::runCodeIgniter(Object(CodeIgniter\CodeIgniter))
 7 FCPATH/index.php(59): CodeIgniter\Boot::bootWeb(Object(Config\Paths))
WARNING - 2026-05-23 17:32:29 --> [DEPRECATED] Creation of dynamic property App\Controllers\Home::$Model_common is deprecated in APPPATH/Controllers/Home.php on line 14.
 1 SYSTEMPATH/CodeIgniter.php(945): App\Controllers\Home->initController(Object(CodeIgniter\HTTP\IncomingRequest), Object(CodeIgniter\HTTP\Response), Object(CodeIgniter\Log\Logger))
 2 SYSTEMPATH/CodeIgniter.php(511): CodeIgniter\CodeIgniter->createController()
 3 SYSTEMPATH/CodeIgniter.php(363): CodeIgniter\CodeIgniter->handleRequest(null, Object(Config\Cache), false)
 4 SYSTEMPATH/Boot.php(417): CodeIgniter\CodeIgniter->run()
 5 SYSTEMPATH/Boot.php(68): CodeIgniter\Boot::runCodeIgniter(Object(CodeIgniter\CodeIgniter))
 6 FCPATH/index.php(59): CodeIgniter\Boot::bootWeb(Object(Config\Paths))
WARNING - 2026-05-23 17:32:29 --> [DEPRECATED] Creation of dynamic property App\Controllers\Home::$Model_home is deprecated in APPPATH/Controllers/Home.php on line 15.
 1 SYSTEMPATH/CodeIgniter.php(945): App\Controllers\Home->initController(Object(CodeIgniter\HTTP\IncomingRequest), Object(CodeIgniter\HTTP\Response), Object(CodeIgniter\Log\Logger))
 2 SYSTEMPATH/CodeIgniter.php(511): CodeIgniter\CodeIgniter->createController()
 3 SYSTEMPATH/CodeIgniter.php(363): CodeIgniter\CodeIgniter->handleRequest(null, Object(Config\Cache), false)
 4 SYSTEMPATH/Boot.php(417): CodeIgniter\CodeIgniter->run()
 5 SYSTEMPATH/Boot.php(68): CodeIgniter\Boot::runCodeIgniter(Object(CodeIgniter\CodeIgniter))
 6 FCPATH/index.php(59): CodeIgniter\Boot::bootWeb(Object(Config\Paths))
WARNING - 2026-05-23 17:32:29 --> [DEPRECATED] Creation of dynamic property App\Controllers\Home::$Model_portfolio is deprecated in APPPATH/Controllers/Home.php on line 16.
 1 SYSTEMPATH/CodeIgniter.php(945): App\Controllers\Home->initController(Object(CodeIgniter\HTTP\IncomingRequest), Object(CodeIgniter\HTTP\Response), Object(CodeIgniter\Log\Logger))
 2 SYSTEMPATH/CodeIgniter.php(511): CodeIgniter\CodeIgniter->createController()
 3 SYSTEMPATH/CodeIgniter.php(363): CodeIgniter\CodeIgniter->handleRequest(null, Object(Config\Cache), false)
 4 SYSTEMPATH/Boot.php(417): CodeIgniter\CodeIgniter->run()
 5 SYSTEMPATH/Boot.php(68): CodeIgniter\Boot::runCodeIgniter(Object(CodeIgniter\CodeIgniter))
 6 FCPATH/index.php(59): CodeIgniter\Boot::bootWeb(Object(Config\Paths))
CRITICAL - 2026-05-23 17:32:29 --> ParseError: syntax error, unexpected integer "2", expecting ")"
[Method: GET, Route: /]
in APPPATH/Views/view_header.php on line 23.
 1 SYSTEMPATH/View/View.php(243): CodeIgniter\View\View->CodeIgniter\View\{closure}()
 2 SYSTEMPATH/Common.php(1254): CodeIgniter\View\View->render()
 3 APPPATH/Controllers/Home.php(44): view()
 4 SYSTEMPATH/CodeIgniter.php(974): App\Controllers\Home->index()
 5 SYSTEMPATH/CodeIgniter.php(520): CodeIgniter\CodeIgniter->runController()
 6 SYSTEMPATH/CodeIgniter.php(363): CodeIgniter\CodeIgniter->handleRequest()
 7 SYSTEMPATH/Boot.php(417): CodeIgniter\CodeIgniter->run()
 8 SYSTEMPATH/Boot.php(68): CodeIgniter\Boot::runCodeIgniter()
 9 FCPATH/index.php(59): CodeIgniter\Boot::bootWeb()
DEBUG - 2026-05-23 17:32:49 --> Session: Class initialized using 'CodeIgniter\Session\Handlers\FileHandler' driver.
WARNING - 2026-05-23 17:32:49 --> [DEPRECATED] Creation of dynamic property App\Controllers\Home::$session is deprecated in APPPATH/Controllers/BaseController.php on line 43.
 1 APPPATH/Controllers/MY_Controller.php(14): App\Controllers\BaseController->initController(Object(CodeIgniter\HTTP\IncomingRequest), Object(CodeIgniter\HTTP\Response), Object(CodeIgniter\Log\Logger))
 2 APPPATH/Controllers/Home.php(13): App\Controllers\MY_Controller->initController(Object(CodeIgniter\HTTP\IncomingRequest), Object(CodeIgniter\HTTP\Response), Object(CodeIgniter\Log\Logger))
 3 SYSTEMPATH/CodeIgniter.php(945): App\Controllers\Home->initController(Object(CodeIgniter\HTTP\IncomingRequest), Object(CodeIgniter\HTTP\Response), Object(CodeIgniter\Log\Logger))
 4 SYSTEMPATH/CodeIgniter.php(511): CodeIgniter\CodeIgniter->createController()
 5 SYSTEMPATH/CodeIgniter.php(363): CodeIgniter\CodeIgniter->handleRequest(null, Object(Config\Cache), false)
 6 SYSTEMPATH/Boot.php(417): CodeIgniter\CodeIgniter->run()
 7 SYSTEMPATH/Boot.php(68): CodeIgniter\Boot::runCodeIgniter(Object(CodeIgniter\CodeIgniter))
 8 FCPATH/index.php(59): CodeIgniter\Boot::bootWeb(Object(Config\Paths))
WARNING - 2026-05-23 17:32:49 --> [DEPRECATED] Creation of dynamic property App\Controllers\Home::$Model_lang is deprecated in APPPATH/Controllers/MY_Controller.php on line 17.
 1 APPPATH/Controllers/Home.php(13): App\Controllers\MY_Controller->initController(Object(CodeIgniter\HTTP\IncomingRequest), Object(CodeIgniter\HTTP\Response), Object(CodeIgniter\Log\Logger))
 2 SYSTEMPATH/CodeIgniter.php(945): App\Controllers\Home->initController(Object(CodeIgniter\HTTP\IncomingRequest), Object(CodeIgniter\HTTP\Response), Object(CodeIgniter\Log\Logger))
 3 SYSTEMPATH/CodeIgniter.php(511): CodeIgniter\CodeIgniter->createController()
 4 SYSTEMPATH/CodeIgniter.php(363): CodeIgniter\CodeIgniter->handleRequest(null, Object(Config\Cache), false)
 5 SYSTEMPATH/Boot.php(417): CodeIgniter\CodeIgniter->run()
 6 SYSTEMPATH/Boot.php(68): CodeIgniter\Boot::runCodeIgniter(Object(CodeIgniter\CodeIgniter))
 7 FCPATH/index.php(59): CodeIgniter\Boot::bootWeb(Object(Config\Paths))
WARNING - 2026-05-23 17:32:49 --> [DEPRECATED] Creation of dynamic property App\Controllers\Home::$Model_common is deprecated in APPPATH/Controllers/Home.php on line 14.
 1 SYSTEMPATH/CodeIgniter.php(945): App\Controllers\Home->initController(Object(CodeIgniter\HTTP\IncomingRequest), Object(CodeIgniter\HTTP\Response), Object(CodeIgniter\Log\Logger))
 2 SYSTEMPATH/CodeIgniter.php(511): CodeIgniter\CodeIgniter->createController()
 3 SYSTEMPATH/CodeIgniter.php(363): CodeIgniter\CodeIgniter->handleRequest(null, Object(Config\Cache), false)
 4 SYSTEMPATH/Boot.php(417): CodeIgniter\CodeIgniter->run()
 5 SYSTEMPATH/Boot.php(68): CodeIgniter\Boot::runCodeIgniter(Object(CodeIgniter\CodeIgniter))
 6 FCPATH/index.php(59): CodeIgniter\Boot::bootWeb(Object(Config\Paths))
WARNING - 2026-05-23 17:32:49 --> [DEPRECATED] Creation of dynamic property App\Controllers\Home::$Model_home is deprecated in APPPATH/Controllers/Home.php on line 15.
 1 SYSTEMPATH/CodeIgniter.php(945): App\Controllers\Home->initController(Object(CodeIgniter\HTTP\IncomingRequest), Object(CodeIgniter\HTTP\Response), Object(CodeIgniter\Log\Logger))
 2 SYSTEMPATH/CodeIgniter.php(511): CodeIgniter\CodeIgniter->createController()
 3 SYSTEMPATH/CodeIgniter.php(363): CodeIgniter\CodeIgniter->handleRequest(null, Object(Config\Cache), false)
 4 SYSTEMPATH/Boot.php(417): CodeIgniter\CodeIgniter->run()
 5 SYSTEMPATH/Boot.php(68): CodeIgniter\Boot::runCodeIgniter(Object(CodeIgniter\CodeIgniter))
 6 FCPATH/index.php(59): CodeIgniter\Boot::bootWeb(Object(Config\Paths))
WARNING - 2026-05-23 17:32:49 --> [DEPRECATED] Creation of dynamic property App\Controllers\Home::$Model_portfolio is deprecated in APPPATH/Controllers/Home.php on line 16.
 1 SYSTEMPATH/CodeIgniter.php(945): App\Controllers\Home->initController(Object(CodeIgniter\HTTP\IncomingRequest), Object(CodeIgniter\HTTP\Response), Object(CodeIgniter\Log\Logger))
 2 SYSTEMPATH/CodeIgniter.php(511): CodeIgniter\CodeIgniter->createController()
 3 SYSTEMPATH/CodeIgniter.php(363): CodeIgniter\CodeIgniter->handleRequest(null, Object(Config\Cache), false)
 4 SYSTEMPATH/Boot.php(417): CodeIgniter\CodeIgniter->run()
 5 SYSTEMPATH/Boot.php(68): CodeIgniter\Boot::runCodeIgniter(Object(CodeIgniter\CodeIgniter))
 6 FCPATH/index.php(59): CodeIgniter\Boot::bootWeb(Object(Config\Paths))
CRITICAL - 2026-05-23 17:32:49 --> Error: Class "App\Models\Admin\Model_menu" not found
[Method: GET, Route: /]
in APPPATH/Views/view_header.php on line 17.
 1 SYSTEMPATH/View/View.php(240): include()
 2 SYSTEMPATH/View/View.php(243): CodeIgniter\View\View->CodeIgniter\View\{closure}()
 3 SYSTEMPATH/Common.php(1254): CodeIgniter\View\View->render()
 4 APPPATH/Controllers/Home.php(44): view()
 5 SYSTEMPATH/CodeIgniter.php(974): App\Controllers\Home->index()
 6 SYSTEMPATH/CodeIgniter.php(520): CodeIgniter\CodeIgniter->runController()
 7 SYSTEMPATH/CodeIgniter.php(363): CodeIgniter\CodeIgniter->handleRequest()
 8 SYSTEMPATH/Boot.php(417): CodeIgniter\CodeIgniter->run()
 9 SYSTEMPATH/Boot.php(68): CodeIgniter\Boot::runCodeIgniter()
10 FCPATH/index.php(59): CodeIgniter\Boot::bootWeb()
DEBUG - 2026-05-23 17:33:17 --> Session: Class initialized using 'CodeIgniter\Session\Handlers\FileHandler' driver.
WARNING - 2026-05-23 17:33:17 --> [DEPRECATED] Creation of dynamic property App\Controllers\Home::$session is deprecated in APPPATH/Controllers/BaseController.php on line 43.
 1 APPPATH/Controllers/MY_Controller.php(14): App\Controllers\BaseController->initController(Object(CodeIgniter\HTTP\IncomingRequest), Object(CodeIgniter\HTTP\Response), Object(CodeIgniter\Log\Logger))
 2 APPPATH/Controllers/Home.php(13): App\Controllers\MY_Controller->initController(Object(CodeIgniter\HTTP\IncomingRequest), Object(CodeIgniter\HTTP\Response), Object(CodeIgniter\Log\Logger))
 3 SYSTEMPATH/CodeIgniter.php(945): App\Controllers\Home->initController(Object(CodeIgniter\HTTP\IncomingRequest), Object(CodeIgniter\HTTP\Response), Object(CodeIgniter\Log\Logger))
 4 SYSTEMPATH/CodeIgniter.php(511): CodeIgniter\CodeIgniter->createController()
 5 SYSTEMPATH/CodeIgniter.php(363): CodeIgniter\CodeIgniter->handleRequest(null, Object(Config\Cache), false)
 6 SYSTEMPATH/Boot.php(417): CodeIgniter\CodeIgniter->run()
 7 SYSTEMPATH/Boot.php(68): CodeIgniter\Boot::runCodeIgniter(Object(CodeIgniter\CodeIgniter))
 8 FCPATH/index.php(59): CodeIgniter\Boot::bootWeb(Object(Config\Paths))
WARNING - 2026-05-23 17:33:17 --> [DEPRECATED] Creation of dynamic property App\Controllers\Home::$Model_lang is deprecated in APPPATH/Controllers/MY_Controller.php on line 17.
 1 APPPATH/Controllers/Home.php(13): App\Controllers\MY_Controller->initController(Object(CodeIgniter\HTTP\IncomingRequest), Object(CodeIgniter\HTTP\Response), Object(CodeIgniter\Log\Logger))
 2 SYSTEMPATH/CodeIgniter.php(945): App\Controllers\Home->initController(Object(CodeIgniter\HTTP\IncomingRequest), Object(CodeIgniter\HTTP\Response), Object(CodeIgniter\Log\Logger))
 3 SYSTEMPATH/CodeIgniter.php(511): CodeIgniter\CodeIgniter->createController()
 4 SYSTEMPATH/CodeIgniter.php(363): CodeIgniter\CodeIgniter->handleRequest(null, Object(Config\Cache), false)
 5 SYSTEMPATH/Boot.php(417): CodeIgniter\CodeIgniter->run()
 6 SYSTEMPATH/Boot.php(68): CodeIgniter\Boot::runCodeIgniter(Object(CodeIgniter\CodeIgniter))
 7 FCPATH/index.php(59): CodeIgniter\Boot::bootWeb(Object(Config\Paths))
WARNING - 2026-05-23 17:33:17 --> [DEPRECATED] Creation of dynamic property App\Controllers\Home::$Model_common is deprecated in APPPATH/Controllers/Home.php on line 14.
 1 SYSTEMPATH/CodeIgniter.php(945): App\Controllers\Home->initController(Object(CodeIgniter\HTTP\IncomingRequest), Object(CodeIgniter\HTTP\Response), Object(CodeIgniter\Log\Logger))
 2 SYSTEMPATH/CodeIgniter.php(511): CodeIgniter\CodeIgniter->createController()
 3 SYSTEMPATH/CodeIgniter.php(363): CodeIgniter\CodeIgniter->handleRequest(null, Object(Config\Cache), false)
 4 SYSTEMPATH/Boot.php(417): CodeIgniter\CodeIgniter->run()
 5 SYSTEMPATH/Boot.php(68): CodeIgniter\Boot::runCodeIgniter(Object(CodeIgniter\CodeIgniter))
 6 FCPATH/index.php(59): CodeIgniter\Boot::bootWeb(Object(Config\Paths))
WARNING - 2026-05-23 17:33:17 --> [DEPRECATED] Creation of dynamic property App\Controllers\Home::$Model_home is deprecated in APPPATH/Controllers/Home.php on line 15.
 1 SYSTEMPATH/CodeIgniter.php(945): App\Controllers\Home->initController(Object(CodeIgniter\HTTP\IncomingRequest), Object(CodeIgniter\HTTP\Response), Object(CodeIgniter\Log\Logger))
 2 SYSTEMPATH/CodeIgniter.php(511): CodeIgniter\CodeIgniter->createController()
 3 SYSTEMPATH/CodeIgniter.php(363): CodeIgniter\CodeIgniter->handleRequest(null, Object(Config\Cache), false)
 4 SYSTEMPATH/Boot.php(417): CodeIgniter\CodeIgniter->run()
 5 SYSTEMPATH/Boot.php(68): CodeIgniter\Boot::runCodeIgniter(Object(CodeIgniter\CodeIgniter))
 6 FCPATH/index.php(59): CodeIgniter\Boot::bootWeb(Object(Config\Paths))
WARNING - 2026-05-23 17:33:17 --> [DEPRECATED] Creation of dynamic property App\Controllers\Home::$Model_portfolio is deprecated in APPPATH/Controllers/Home.php on line 16.
 1 SYSTEMPATH/CodeIgniter.php(945): App\Controllers\Home->initController(Object(CodeIgniter\HTTP\IncomingRequest), Object(CodeIgniter\HTTP\Response), Object(CodeIgniter\Log\Logger))
 2 SYSTEMPATH/CodeIgniter.php(511): CodeIgniter\CodeIgniter->createController()
 3 SYSTEMPATH/CodeIgniter.php(363): CodeIgniter\CodeIgniter->handleRequest(null, Object(Config\Cache), false)
 4 SYSTEMPATH/Boot.php(417): CodeIgniter\CodeIgniter->run()
 5 SYSTEMPATH/Boot.php(68): CodeIgniter\Boot::runCodeIgniter(Object(CodeIgniter\CodeIgniter))
 6 FCPATH/index.php(59): CodeIgniter\Boot::bootWeb(Object(Config\Paths))
CRITICAL - 2026-05-23 17:33:18 --> ErrorException: Declaration of App\Models\Admin\Model_menu::update($menu_id, $data) must be compatible with CodeIgniter\Model::update($id = null, $row = null): bool
[Method: GET, Route: /]
in APPPATH/Models/Admin/Model_menu.php on line 15.
 1 [internal function]: CodeIgniter\Debug\Exceptions->shutdownHandler()
DEBUG - 2026-05-23 17:33:38 --> Session: Class initialized using 'CodeIgniter\Session\Handlers\FileHandler' driver.
WARNING - 2026-05-23 17:33:38 --> [DEPRECATED] Creation of dynamic property App\Controllers\Home::$session is deprecated in APPPATH/Controllers/BaseController.php on line 43.
 1 APPPATH/Controllers/MY_Controller.php(14): App\Controllers\BaseController->initController(Object(CodeIgniter\HTTP\IncomingRequest), Object(CodeIgniter\HTTP\Response), Object(CodeIgniter\Log\Logger))
 2 APPPATH/Controllers/Home.php(13): App\Controllers\MY_Controller->initController(Object(CodeIgniter\HTTP\IncomingRequest), Object(CodeIgniter\HTTP\Response), Object(CodeIgniter\Log\Logger))
 3 SYSTEMPATH/CodeIgniter.php(945): App\Controllers\Home->initController(Object(CodeIgniter\HTTP\IncomingRequest), Object(CodeIgniter\HTTP\Response), Object(CodeIgniter\Log\Logger))
 4 SYSTEMPATH/CodeIgniter.php(511): CodeIgniter\CodeIgniter->createController()
 5 SYSTEMPATH/CodeIgniter.php(363): CodeIgniter\CodeIgniter->handleRequest(null, Object(Config\Cache), false)
 6 SYSTEMPATH/Boot.php(417): CodeIgniter\CodeIgniter->run()
 7 SYSTEMPATH/Boot.php(68): CodeIgniter\Boot::runCodeIgniter(Object(CodeIgniter\CodeIgniter))
 8 FCPATH/index.php(59): CodeIgniter\Boot::bootWeb(Object(Config\Paths))
WARNING - 2026-05-23 17:33:38 --> [DEPRECATED] Creation of dynamic property App\Controllers\Home::$Model_lang is deprecated in APPPATH/Controllers/MY_Controller.php on line 17.
 1 APPPATH/Controllers/Home.php(13): App\Controllers\MY_Controller->initController(Object(CodeIgniter\HTTP\IncomingRequest), Object(CodeIgniter\HTTP\Response), Object(CodeIgniter\Log\Logger))
 2 SYSTEMPATH/CodeIgniter.php(945): App\Controllers\Home->initController(Object(CodeIgniter\HTTP\IncomingRequest), Object(CodeIgniter\HTTP\Response), Object(CodeIgniter\Log\Logger))
 3 SYSTEMPATH/CodeIgniter.php(511): CodeIgniter\CodeIgniter->createController()
 4 SYSTEMPATH/CodeIgniter.php(363): CodeIgniter\CodeIgniter->handleRequest(null, Object(Config\Cache), false)
 5 SYSTEMPATH/Boot.php(417): CodeIgniter\CodeIgniter->run()
 6 SYSTEMPATH/Boot.php(68): CodeIgniter\Boot::runCodeIgniter(Object(CodeIgniter\CodeIgniter))
 7 FCPATH/index.php(59): CodeIgniter\Boot::bootWeb(Object(Config\Paths))
WARNING - 2026-05-23 17:33:38 --> [DEPRECATED] Creation of dynamic property App\Controllers\Home::$Model_common is deprecated in APPPATH/Controllers/Home.php on line 14.
 1 SYSTEMPATH/CodeIgniter.php(945): App\Controllers\Home->initController(Object(CodeIgniter\HTTP\IncomingRequest), Object(CodeIgniter\HTTP\Response), Object(CodeIgniter\Log\Logger))
 2 SYSTEMPATH/CodeIgniter.php(511): CodeIgniter\CodeIgniter->createController()
 3 SYSTEMPATH/CodeIgniter.php(363): CodeIgniter\CodeIgniter->handleRequest(null, Object(Config\Cache), false)
 4 SYSTEMPATH/Boot.php(417): CodeIgniter\CodeIgniter->run()
 5 SYSTEMPATH/Boot.php(68): CodeIgniter\Boot::runCodeIgniter(Object(CodeIgniter\CodeIgniter))
 6 FCPATH/index.php(59): CodeIgniter\Boot::bootWeb(Object(Config\Paths))
WARNING - 2026-05-23 17:33:38 --> [DEPRECATED] Creation of dynamic property App\Controllers\Home::$Model_home is deprecated in APPPATH/Controllers/Home.php on line 15.
 1 SYSTEMPATH/CodeIgniter.php(945): App\Controllers\Home->initController(Object(CodeIgniter\HTTP\IncomingRequest), Object(CodeIgniter\HTTP\Response), Object(CodeIgniter\Log\Logger))
 2 SYSTEMPATH/CodeIgniter.php(511): CodeIgniter\CodeIgniter->createController()
 3 SYSTEMPATH/CodeIgniter.php(363): CodeIgniter\CodeIgniter->handleRequest(null, Object(Config\Cache), false)
 4 SYSTEMPATH/Boot.php(417): CodeIgniter\CodeIgniter->run()
 5 SYSTEMPATH/Boot.php(68): CodeIgniter\Boot::runCodeIgniter(Object(CodeIgniter\CodeIgniter))
 6 FCPATH/index.php(59): CodeIgniter\Boot::bootWeb(Object(Config\Paths))
WARNING - 2026-05-23 17:33:38 --> [DEPRECATED] Creation of dynamic property App\Controllers\Home::$Model_portfolio is deprecated in APPPATH/Controllers/Home.php on line 16.
 1 SYSTEMPATH/CodeIgniter.php(945): App\Controllers\Home->initController(Object(CodeIgniter\HTTP\IncomingRequest), Object(CodeIgniter\HTTP\Response), Object(CodeIgniter\Log\Logger))
 2 SYSTEMPATH/CodeIgniter.php(511): CodeIgniter\CodeIgniter->createController()
 3 SYSTEMPATH/CodeIgniter.php(363): CodeIgniter\CodeIgniter->handleRequest(null, Object(Config\Cache), false)
 4 SYSTEMPATH/Boot.php(417): CodeIgniter\CodeIgniter->run()
 5 SYSTEMPATH/Boot.php(68): CodeIgniter\Boot::runCodeIgniter(Object(CodeIgniter\CodeIgniter))
 6 FCPATH/index.php(59): CodeIgniter\Boot::bootWeb(Object(Config\Paths))
CRITICAL - 2026-05-23 17:33:38 --> Error: Cannot access protected property CodeIgniter\HTTP\IncomingRequest::$uri
[Method: GET, Route: /]
in APPPATH/Views/view_header.php on line 23.
 1 SYSTEMPATH/View/View.php(240): include()
 2 SYSTEMPATH/View/View.php(243): CodeIgniter\View\View->CodeIgniter\View\{closure}()
 3 SYSTEMPATH/Common.php(1254): CodeIgniter\View\View->render()
 4 APPPATH/Controllers/Home.php(44): view()
 5 SYSTEMPATH/CodeIgniter.php(974): App\Controllers\Home->index()
 6 SYSTEMPATH/CodeIgniter.php(520): CodeIgniter\CodeIgniter->runController()
 7 SYSTEMPATH/CodeIgniter.php(363): CodeIgniter\CodeIgniter->handleRequest()
 8 SYSTEMPATH/Boot.php(417): CodeIgniter\CodeIgniter->run()
 9 SYSTEMPATH/Boot.php(68): CodeIgniter\Boot::runCodeIgniter()
10 FCPATH/index.php(59): CodeIgniter\Boot::bootWeb()
DEBUG - 2026-05-23 17:33:51 --> Session: Class initialized using 'CodeIgniter\Session\Handlers\FileHandler' driver.
WARNING - 2026-05-23 17:33:51 --> [DEPRECATED] Creation of dynamic property App\Controllers\Home::$session is deprecated in APPPATH/Controllers/BaseController.php on line 43.
 1 APPPATH/Controllers/MY_Controller.php(14): App\Controllers\BaseController->initController(Object(CodeIgniter\HTTP\IncomingRequest), Object(CodeIgniter\HTTP\Response), Object(CodeIgniter\Log\Logger))
 2 APPPATH/Controllers/Home.php(13): App\Controllers\MY_Controller->initController(Object(CodeIgniter\HTTP\IncomingRequest), Object(CodeIgniter\HTTP\Response), Object(CodeIgniter\Log\Logger))
 3 SYSTEMPATH/CodeIgniter.php(945): App\Controllers\Home->initController(Object(CodeIgniter\HTTP\IncomingRequest), Object(CodeIgniter\HTTP\Response), Object(CodeIgniter\Log\Logger))
 4 SYSTEMPATH/CodeIgniter.php(511): CodeIgniter\CodeIgniter->createController()
 5 SYSTEMPATH/CodeIgniter.php(363): CodeIgniter\CodeIgniter->handleRequest(null, Object(Config\Cache), false)
 6 SYSTEMPATH/Boot.php(417): CodeIgniter\CodeIgniter->run()
 7 SYSTEMPATH/Boot.php(68): CodeIgniter\Boot::runCodeIgniter(Object(CodeIgniter\CodeIgniter))
 8 FCPATH/index.php(59): CodeIgniter\Boot::bootWeb(Object(Config\Paths))
WARNING - 2026-05-23 17:33:51 --> [DEPRECATED] Creation of dynamic property App\Controllers\Home::$Model_lang is deprecated in APPPATH/Controllers/MY_Controller.php on line 17.
 1 APPPATH/Controllers/Home.php(13): App\Controllers\MY_Controller->initController(Object(CodeIgniter\HTTP\IncomingRequest), Object(CodeIgniter\HTTP\Response), Object(CodeIgniter\Log\Logger))
 2 SYSTEMPATH/CodeIgniter.php(945): App\Controllers\Home->initController(Object(CodeIgniter\HTTP\IncomingRequest), Object(CodeIgniter\HTTP\Response), Object(CodeIgniter\Log\Logger))
 3 SYSTEMPATH/CodeIgniter.php(511): CodeIgniter\CodeIgniter->createController()
 4 SYSTEMPATH/CodeIgniter.php(363): CodeIgniter\CodeIgniter->handleRequest(null, Object(Config\Cache), false)
 5 SYSTEMPATH/Boot.php(417): CodeIgniter\CodeIgniter->run()
 6 SYSTEMPATH/Boot.php(68): CodeIgniter\Boot::runCodeIgniter(Object(CodeIgniter\CodeIgniter))
 7 FCPATH/index.php(59): CodeIgniter\Boot::bootWeb(Object(Config\Paths))
WARNING - 2026-05-23 17:33:51 --> [DEPRECATED] Creation of dynamic property App\Controllers\Home::$Model_common is deprecated in APPPATH/Controllers/Home.php on line 14.
 1 SYSTEMPATH/CodeIgniter.php(945): App\Controllers\Home->initController(Object(CodeIgniter\HTTP\IncomingRequest), Object(CodeIgniter\HTTP\Response), Object(CodeIgniter\Log\Logger))
 2 SYSTEMPATH/CodeIgniter.php(511): CodeIgniter\CodeIgniter->createController()
 3 SYSTEMPATH/CodeIgniter.php(363): CodeIgniter\CodeIgniter->handleRequest(null, Object(Config\Cache), false)
 4 SYSTEMPATH/Boot.php(417): CodeIgniter\CodeIgniter->run()
 5 SYSTEMPATH/Boot.php(68): CodeIgniter\Boot::runCodeIgniter(Object(CodeIgniter\CodeIgniter))
 6 FCPATH/index.php(59): CodeIgniter\Boot::bootWeb(Object(Config\Paths))
WARNING - 2026-05-23 17:33:51 --> [DEPRECATED] Creation of dynamic property App\Controllers\Home::$Model_home is deprecated in APPPATH/Controllers/Home.php on line 15.
 1 SYSTEMPATH/CodeIgniter.php(945): App\Controllers\Home->initController(Object(CodeIgniter\HTTP\IncomingRequest), Object(CodeIgniter\HTTP\Response), Object(CodeIgniter\Log\Logger))
 2 SYSTEMPATH/CodeIgniter.php(511): CodeIgniter\CodeIgniter->createController()
 3 SYSTEMPATH/CodeIgniter.php(363): CodeIgniter\CodeIgniter->handleRequest(null, Object(Config\Cache), false)
 4 SYSTEMPATH/Boot.php(417): CodeIgniter\CodeIgniter->run()
 5 SYSTEMPATH/Boot.php(68): CodeIgniter\Boot::runCodeIgniter(Object(CodeIgniter\CodeIgniter))
 6 FCPATH/index.php(59): CodeIgniter\Boot::bootWeb(Object(Config\Paths))
WARNING - 2026-05-23 17:33:51 --> [DEPRECATED] Creation of dynamic property App\Controllers\Home::$Model_portfolio is deprecated in APPPATH/Controllers/Home.php on line 16.
 1 SYSTEMPATH/CodeIgniter.php(945): App\Controllers\Home->initController(Object(CodeIgniter\HTTP\IncomingRequest), Object(CodeIgniter\HTTP\Response), Object(CodeIgniter\Log\Logger))
 2 SYSTEMPATH/CodeIgniter.php(511): CodeIgniter\CodeIgniter->createController()
 3 SYSTEMPATH/CodeIgniter.php(363): CodeIgniter\CodeIgniter->handleRequest(null, Object(Config\Cache), false)
 4 SYSTEMPATH/Boot.php(417): CodeIgniter\CodeIgniter->run()
 5 SYSTEMPATH/Boot.php(68): CodeIgniter\Boot::runCodeIgniter(Object(CodeIgniter\CodeIgniter))
 6 FCPATH/index.php(59): CodeIgniter\Boot::bootWeb(Object(Config\Paths))
CRITICAL - 2026-05-23 17:33:51 --> CodeIgniter\HTTP\Exceptions\HTTPException: Request URI segment is out of range: "2"
[Method: GET, Route: /]
in SYSTEMPATH/HTTP/URI.php on line 575.
 1 SYSTEMPATH/HTTP/URI.php(575): CodeIgniter\HTTP\Exceptions\HTTPException::forURISegmentOutOfRange()
 2 APPPATH/Views/view_header.php(23): CodeIgniter\HTTP\URI->getSegment()
 3 SYSTEMPATH/View/View.php(240): include('/var/www/html/ecomm_ci/app/Views/view_header.php')
 4 SYSTEMPATH/View/View.php(243): CodeIgniter\View\View->CodeIgniter\View\{closure}()
 5 SYSTEMPATH/Common.php(1254): CodeIgniter\View\View->render()
 6 APPPATH/Controllers/Home.php(44): view()
 7 SYSTEMPATH/CodeIgniter.php(974): App\Controllers\Home->index()
 8 SYSTEMPATH/CodeIgniter.php(520): CodeIgniter\CodeIgniter->runController()
 9 SYSTEMPATH/CodeIgniter.php(363): CodeIgniter\CodeIgniter->handleRequest()
10 SYSTEMPATH/Boot.php(417): CodeIgniter\CodeIgniter->run()
11 SYSTEMPATH/Boot.php(68): CodeIgniter\Boot::runCodeIgniter()
12 FCPATH/index.php(59): CodeIgniter\Boot::bootWeb()
DEBUG - 2026-05-23 17:34:07 --> Session: Class initialized using 'CodeIgniter\Session\Handlers\FileHandler' driver.
WARNING - 2026-05-23 17:34:07 --> [DEPRECATED] Creation of dynamic property App\Controllers\Home::$session is deprecated in APPPATH/Controllers/BaseController.php on line 43.
 1 APPPATH/Controllers/MY_Controller.php(14): App\Controllers\BaseController->initController(Object(CodeIgniter\HTTP\IncomingRequest), Object(CodeIgniter\HTTP\Response), Object(CodeIgniter\Log\Logger))
 2 APPPATH/Controllers/Home.php(13): App\Controllers\MY_Controller->initController(Object(CodeIgniter\HTTP\IncomingRequest), Object(CodeIgniter\HTTP\Response), Object(CodeIgniter\Log\Logger))
 3 SYSTEMPATH/CodeIgniter.php(945): App\Controllers\Home->initController(Object(CodeIgniter\HTTP\IncomingRequest), Object(CodeIgniter\HTTP\Response), Object(CodeIgniter\Log\Logger))
 4 SYSTEMPATH/CodeIgniter.php(511): CodeIgniter\CodeIgniter->createController()
 5 SYSTEMPATH/CodeIgniter.php(363): CodeIgniter\CodeIgniter->handleRequest(null, Object(Config\Cache), false)
 6 SYSTEMPATH/Boot.php(417): CodeIgniter\CodeIgniter->run()
 7 SYSTEMPATH/Boot.php(68): CodeIgniter\Boot::runCodeIgniter(Object(CodeIgniter\CodeIgniter))
 8 FCPATH/index.php(59): CodeIgniter\Boot::bootWeb(Object(Config\Paths))
WARNING - 2026-05-23 17:34:07 --> [DEPRECATED] Creation of dynamic property App\Controllers\Home::$Model_lang is deprecated in APPPATH/Controllers/MY_Controller.php on line 17.
 1 APPPATH/Controllers/Home.php(13): App\Controllers\MY_Controller->initController(Object(CodeIgniter\HTTP\IncomingRequest), Object(CodeIgniter\HTTP\Response), Object(CodeIgniter\Log\Logger))
 2 SYSTEMPATH/CodeIgniter.php(945): App\Controllers\Home->initController(Object(CodeIgniter\HTTP\IncomingRequest), Object(CodeIgniter\HTTP\Response), Object(CodeIgniter\Log\Logger))
 3 SYSTEMPATH/CodeIgniter.php(511): CodeIgniter\CodeIgniter->createController()
 4 SYSTEMPATH/CodeIgniter.php(363): CodeIgniter\CodeIgniter->handleRequest(null, Object(Config\Cache), false)
 5 SYSTEMPATH/Boot.php(417): CodeIgniter\CodeIgniter->run()
 6 SYSTEMPATH/Boot.php(68): CodeIgniter\Boot::runCodeIgniter(Object(CodeIgniter\CodeIgniter))
 7 FCPATH/index.php(59): CodeIgniter\Boot::bootWeb(Object(Config\Paths))
WARNING - 2026-05-23 17:34:07 --> [DEPRECATED] Creation of dynamic property App\Controllers\Home::$Model_common is deprecated in APPPATH/Controllers/Home.php on line 14.
 1 SYSTEMPATH/CodeIgniter.php(945): App\Controllers\Home->initController(Object(CodeIgniter\HTTP\IncomingRequest), Object(CodeIgniter\HTTP\Response), Object(CodeIgniter\Log\Logger))
 2 SYSTEMPATH/CodeIgniter.php(511): CodeIgniter\CodeIgniter->createController()
 3 SYSTEMPATH/CodeIgniter.php(363): CodeIgniter\CodeIgniter->handleRequest(null, Object(Config\Cache), false)
 4 SYSTEMPATH/Boot.php(417): CodeIgniter\CodeIgniter->run()
 5 SYSTEMPATH/Boot.php(68): CodeIgniter\Boot::runCodeIgniter(Object(CodeIgniter\CodeIgniter))
 6 FCPATH/index.php(59): CodeIgniter\Boot::bootWeb(Object(Config\Paths))
WARNING - 2026-05-23 17:34:07 --> [DEPRECATED] Creation of dynamic property App\Controllers\Home::$Model_home is deprecated in APPPATH/Controllers/Home.php on line 15.
 1 SYSTEMPATH/CodeIgniter.php(945): App\Controllers\Home->initController(Object(CodeIgniter\HTTP\IncomingRequest), Object(CodeIgniter\HTTP\Response), Object(CodeIgniter\Log\Logger))
 2 SYSTEMPATH/CodeIgniter.php(511): CodeIgniter\CodeIgniter->createController()
 3 SYSTEMPATH/CodeIgniter.php(363): CodeIgniter\CodeIgniter->handleRequest(null, Object(Config\Cache), false)
 4 SYSTEMPATH/Boot.php(417): CodeIgniter\CodeIgniter->run()
 5 SYSTEMPATH/Boot.php(68): CodeIgniter\Boot::runCodeIgniter(Object(CodeIgniter\CodeIgniter))
 6 FCPATH/index.php(59): CodeIgniter\Boot::bootWeb(Object(Config\Paths))
WARNING - 2026-05-23 17:34:07 --> [DEPRECATED] Creation of dynamic property App\Controllers\Home::$Model_portfolio is deprecated in APPPATH/Controllers/Home.php on line 16.
 1 SYSTEMPATH/CodeIgniter.php(945): App\Controllers\Home->initController(Object(CodeIgniter\HTTP\IncomingRequest), Object(CodeIgniter\HTTP\Response), Object(CodeIgniter\Log\Logger))
 2 SYSTEMPATH/CodeIgniter.php(511): CodeIgniter\CodeIgniter->createController()
 3 SYSTEMPATH/CodeIgniter.php(363): CodeIgniter\CodeIgniter->handleRequest(null, Object(Config\Cache), false)
 4 SYSTEMPATH/Boot.php(417): CodeIgniter\CodeIgniter->run()
 5 SYSTEMPATH/Boot.php(68): CodeIgniter\Boot::runCodeIgniter(Object(CodeIgniter\CodeIgniter))
 6 FCPATH/index.php(59): CodeIgniter\Boot::bootWeb(Object(Config\Paths))
CRITICAL - 2026-05-23 17:34:07 --> CodeIgniter\HTTP\Exceptions\HTTPException: Request URI segment is out of range: "2"
[Method: GET, Route: /]
in SYSTEMPATH/HTTP/URI.php on line 575.
 1 SYSTEMPATH/HTTP/URI.php(575): CodeIgniter\HTTP\Exceptions\HTTPException::forURISegmentOutOfRange()
 2 APPPATH/Views/view_header.php(23): CodeIgniter\HTTP\URI->getSegment()
 3 SYSTEMPATH/View/View.php(240): include('/var/www/html/ecomm_ci/app/Views/view_header.php')
 4 SYSTEMPATH/View/View.php(243): CodeIgniter\View\View->CodeIgniter\View\{closure}()
 5 SYSTEMPATH/Common.php(1254): CodeIgniter\View\View->render()
 6 APPPATH/Controllers/Home.php(44): view()
 7 SYSTEMPATH/CodeIgniter.php(974): App\Controllers\Home->index()
 8 SYSTEMPATH/CodeIgniter.php(520): CodeIgniter\CodeIgniter->runController()
 9 SYSTEMPATH/CodeIgniter.php(363): CodeIgniter\CodeIgniter->handleRequest()
10 SYSTEMPATH/Boot.php(417): CodeIgniter\CodeIgniter->run()
11 SYSTEMPATH/Boot.php(68): CodeIgniter\Boot::runCodeIgniter()
12 FCPATH/index.php(59): CodeIgniter\Boot::bootWeb()
DEBUG - 2026-05-23 17:34:47 --> Session: Class initialized using 'CodeIgniter\Session\Handlers\FileHandler' driver.
WARNING - 2026-05-23 17:34:47 --> [DEPRECATED] Creation of dynamic property App\Controllers\Home::$session is deprecated in APPPATH/Controllers/BaseController.php on line 43.
 1 APPPATH/Controllers/MY_Controller.php(14): App\Controllers\BaseController->initController(Object(CodeIgniter\HTTP\IncomingRequest), Object(CodeIgniter\HTTP\Response), Object(CodeIgniter\Log\Logger))
 2 APPPATH/Controllers/Home.php(13): App\Controllers\MY_Controller->initController(Object(CodeIgniter\HTTP\IncomingRequest), Object(CodeIgniter\HTTP\Response), Object(CodeIgniter\Log\Logger))
 3 SYSTEMPATH/CodeIgniter.php(945): App\Controllers\Home->initController(Object(CodeIgniter\HTTP\IncomingRequest), Object(CodeIgniter\HTTP\Response), Object(CodeIgniter\Log\Logger))
 4 SYSTEMPATH/CodeIgniter.php(511): CodeIgniter\CodeIgniter->createController()
 5 SYSTEMPATH/CodeIgniter.php(363): CodeIgniter\CodeIgniter->handleRequest(null, Object(Config\Cache), false)
 6 SYSTEMPATH/Boot.php(417): CodeIgniter\CodeIgniter->run()
 7 SYSTEMPATH/Boot.php(68): CodeIgniter\Boot::runCodeIgniter(Object(CodeIgniter\CodeIgniter))
 8 FCPATH/index.php(59): CodeIgniter\Boot::bootWeb(Object(Config\Paths))
WARNING - 2026-05-23 17:34:47 --> [DEPRECATED] Creation of dynamic property App\Controllers\Home::$Model_lang is deprecated in APPPATH/Controllers/MY_Controller.php on line 17.
 1 APPPATH/Controllers/Home.php(13): App\Controllers\MY_Controller->initController(Object(CodeIgniter\HTTP\IncomingRequest), Object(CodeIgniter\HTTP\Response), Object(CodeIgniter\Log\Logger))
 2 SYSTEMPATH/CodeIgniter.php(945): App\Controllers\Home->initController(Object(CodeIgniter\HTTP\IncomingRequest), Object(CodeIgniter\HTTP\Response), Object(CodeIgniter\Log\Logger))
 3 SYSTEMPATH/CodeIgniter.php(511): CodeIgniter\CodeIgniter->createController()
 4 SYSTEMPATH/CodeIgniter.php(363): CodeIgniter\CodeIgniter->handleRequest(null, Object(Config\Cache), false)
 5 SYSTEMPATH/Boot.php(417): CodeIgniter\CodeIgniter->run()
 6 SYSTEMPATH/Boot.php(68): CodeIgniter\Boot::runCodeIgniter(Object(CodeIgniter\CodeIgniter))
 7 FCPATH/index.php(59): CodeIgniter\Boot::bootWeb(Object(Config\Paths))
WARNING - 2026-05-23 17:34:47 --> [DEPRECATED] Creation of dynamic property App\Controllers\Home::$Model_common is deprecated in APPPATH/Controllers/Home.php on line 14.
 1 SYSTEMPATH/CodeIgniter.php(945): App\Controllers\Home->initController(Object(CodeIgniter\HTTP\IncomingRequest), Object(CodeIgniter\HTTP\Response), Object(CodeIgniter\Log\Logger))
 2 SYSTEMPATH/CodeIgniter.php(511): CodeIgniter\CodeIgniter->createController()
 3 SYSTEMPATH/CodeIgniter.php(363): CodeIgniter\CodeIgniter->handleRequest(null, Object(Config\Cache), false)
 4 SYSTEMPATH/Boot.php(417): CodeIgniter\CodeIgniter->run()
 5 SYSTEMPATH/Boot.php(68): CodeIgniter\Boot::runCodeIgniter(Object(CodeIgniter\CodeIgniter))
 6 FCPATH/index.php(59): CodeIgniter\Boot::bootWeb(Object(Config\Paths))
WARNING - 2026-05-23 17:34:47 --> [DEPRECATED] Creation of dynamic property App\Controllers\Home::$Model_home is deprecated in APPPATH/Controllers/Home.php on line 15.
 1 SYSTEMPATH/CodeIgniter.php(945): App\Controllers\Home->initController(Object(CodeIgniter\HTTP\IncomingRequest), Object(CodeIgniter\HTTP\Response), Object(CodeIgniter\Log\Logger))
 2 SYSTEMPATH/CodeIgniter.php(511): CodeIgniter\CodeIgniter->createController()
 3 SYSTEMPATH/CodeIgniter.php(363): CodeIgniter\CodeIgniter->handleRequest(null, Object(Config\Cache), false)
 4 SYSTEMPATH/Boot.php(417): CodeIgniter\CodeIgniter->run()
 5 SYSTEMPATH/Boot.php(68): CodeIgniter\Boot::runCodeIgniter(Object(CodeIgniter\CodeIgniter))
 6 FCPATH/index.php(59): CodeIgniter\Boot::bootWeb(Object(Config\Paths))
WARNING - 2026-05-23 17:34:47 --> [DEPRECATED] Creation of dynamic property App\Controllers\Home::$Model_portfolio is deprecated in APPPATH/Controllers/Home.php on line 16.
 1 SYSTEMPATH/CodeIgniter.php(945): App\Controllers\Home->initController(Object(CodeIgniter\HTTP\IncomingRequest), Object(CodeIgniter\HTTP\Response), Object(CodeIgniter\Log\Logger))
 2 SYSTEMPATH/CodeIgniter.php(511): CodeIgniter\CodeIgniter->createController()
 3 SYSTEMPATH/CodeIgniter.php(363): CodeIgniter\CodeIgniter->handleRequest(null, Object(Config\Cache), false)
 4 SYSTEMPATH/Boot.php(417): CodeIgniter\CodeIgniter->run()
 5 SYSTEMPATH/Boot.php(68): CodeIgniter\Boot::runCodeIgniter(Object(CodeIgniter\CodeIgniter))
 6 FCPATH/index.php(59): CodeIgniter\Boot::bootWeb(Object(Config\Paths))
CRITICAL - 2026-05-23 17:34:47 --> CodeIgniter\HTTP\Exceptions\HTTPException: Request URI segment is out of range: "2"
[Method: GET, Route: /]
in SYSTEMPATH/HTTP/URI.php on line 575.
 1 SYSTEMPATH/HTTP/URI.php(575): CodeIgniter\HTTP\Exceptions\HTTPException::forURISegmentOutOfRange()
 2 APPPATH/Views/view_header.php(23): CodeIgniter\HTTP\URI->getSegment()
 3 SYSTEMPATH/View/View.php(240): include('/var/www/html/ecomm_ci/app/Views/view_header.php')
 4 SYSTEMPATH/View/View.php(243): CodeIgniter\View\View->CodeIgniter\View\{closure}()
 5 SYSTEMPATH/Common.php(1254): CodeIgniter\View\View->render()
 6 APPPATH/Controllers/Home.php(44): view()
 7 SYSTEMPATH/CodeIgniter.php(974): App\Controllers\Home->index()
 8 SYSTEMPATH/CodeIgniter.php(520): CodeIgniter\CodeIgniter->runController()
 9 SYSTEMPATH/CodeIgniter.php(363): CodeIgniter\CodeIgniter->handleRequest()
10 SYSTEMPATH/Boot.php(417): CodeIgniter\CodeIgniter->run()
11 SYSTEMPATH/Boot.php(68): CodeIgniter\Boot::runCodeIgniter()
12 FCPATH/index.php(59): CodeIgniter\Boot::bootWeb()
DEBUG - 2026-05-23 17:35:14 --> Session: Class initialized using 'CodeIgniter\Session\Handlers\FileHandler' driver.
WARNING - 2026-05-23 17:35:14 --> [DEPRECATED] Creation of dynamic property App\Controllers\Home::$session is deprecated in APPPATH/Controllers/BaseController.php on line 43.
 1 APPPATH/Controllers/MY_Controller.php(14): App\Controllers\BaseController->initController(Object(CodeIgniter\HTTP\IncomingRequest), Object(CodeIgniter\HTTP\Response), Object(CodeIgniter\Log\Logger))
 2 APPPATH/Controllers/Home.php(13): App\Controllers\MY_Controller->initController(Object(CodeIgniter\HTTP\IncomingRequest), Object(CodeIgniter\HTTP\Response), Object(CodeIgniter\Log\Logger))
 3 SYSTEMPATH/CodeIgniter.php(945): App\Controllers\Home->initController(Object(CodeIgniter\HTTP\IncomingRequest), Object(CodeIgniter\HTTP\Response), Object(CodeIgniter\Log\Logger))
 4 SYSTEMPATH/CodeIgniter.php(511): CodeIgniter\CodeIgniter->createController()
 5 SYSTEMPATH/CodeIgniter.php(363): CodeIgniter\CodeIgniter->handleRequest(null, Object(Config\Cache), false)
 6 SYSTEMPATH/Boot.php(417): CodeIgniter\CodeIgniter->run()
 7 SYSTEMPATH/Boot.php(68): CodeIgniter\Boot::runCodeIgniter(Object(CodeIgniter\CodeIgniter))
 8 FCPATH/index.php(59): CodeIgniter\Boot::bootWeb(Object(Config\Paths))
WARNING - 2026-05-23 17:35:14 --> [DEPRECATED] Creation of dynamic property App\Controllers\Home::$Model_lang is deprecated in APPPATH/Controllers/MY_Controller.php on line 17.
 1 APPPATH/Controllers/Home.php(13): App\Controllers\MY_Controller->initController(Object(CodeIgniter\HTTP\IncomingRequest), Object(CodeIgniter\HTTP\Response), Object(CodeIgniter\Log\Logger))
 2 SYSTEMPATH/CodeIgniter.php(945): App\Controllers\Home->initController(Object(CodeIgniter\HTTP\IncomingRequest), Object(CodeIgniter\HTTP\Response), Object(CodeIgniter\Log\Logger))
 3 SYSTEMPATH/CodeIgniter.php(511): CodeIgniter\CodeIgniter->createController()
 4 SYSTEMPATH/CodeIgniter.php(363): CodeIgniter\CodeIgniter->handleRequest(null, Object(Config\Cache), false)
 5 SYSTEMPATH/Boot.php(417): CodeIgniter\CodeIgniter->run()
 6 SYSTEMPATH/Boot.php(68): CodeIgniter\Boot::runCodeIgniter(Object(CodeIgniter\CodeIgniter))
 7 FCPATH/index.php(59): CodeIgniter\Boot::bootWeb(Object(Config\Paths))
WARNING - 2026-05-23 17:35:14 --> [DEPRECATED] Creation of dynamic property App\Controllers\Home::$Model_common is deprecated in APPPATH/Controllers/Home.php on line 14.
 1 SYSTEMPATH/CodeIgniter.php(945): App\Controllers\Home->initController(Object(CodeIgniter\HTTP\IncomingRequest), Object(CodeIgniter\HTTP\Response), Object(CodeIgniter\Log\Logger))
 2 SYSTEMPATH/CodeIgniter.php(511): CodeIgniter\CodeIgniter->createController()
 3 SYSTEMPATH/CodeIgniter.php(363): CodeIgniter\CodeIgniter->handleRequest(null, Object(Config\Cache), false)
 4 SYSTEMPATH/Boot.php(417): CodeIgniter\CodeIgniter->run()
 5 SYSTEMPATH/Boot.php(68): CodeIgniter\Boot::runCodeIgniter(Object(CodeIgniter\CodeIgniter))
 6 FCPATH/index.php(59): CodeIgniter\Boot::bootWeb(Object(Config\Paths))
WARNING - 2026-05-23 17:35:14 --> [DEPRECATED] Creation of dynamic property App\Controllers\Home::$Model_home is deprecated in APPPATH/Controllers/Home.php on line 15.
 1 SYSTEMPATH/CodeIgniter.php(945): App\Controllers\Home->initController(Object(CodeIgniter\HTTP\IncomingRequest), Object(CodeIgniter\HTTP\Response), Object(CodeIgniter\Log\Logger))
 2 SYSTEMPATH/CodeIgniter.php(511): CodeIgniter\CodeIgniter->createController()
 3 SYSTEMPATH/CodeIgniter.php(363): CodeIgniter\CodeIgniter->handleRequest(null, Object(Config\Cache), false)
 4 SYSTEMPATH/Boot.php(417): CodeIgniter\CodeIgniter->run()
 5 SYSTEMPATH/Boot.php(68): CodeIgniter\Boot::runCodeIgniter(Object(CodeIgniter\CodeIgniter))
 6 FCPATH/index.php(59): CodeIgniter\Boot::bootWeb(Object(Config\Paths))
WARNING - 2026-05-23 17:35:14 --> [DEPRECATED] Creation of dynamic property App\Controllers\Home::$Model_portfolio is deprecated in APPPATH/Controllers/Home.php on line 16.
 1 SYSTEMPATH/CodeIgniter.php(945): App\Controllers\Home->initController(Object(CodeIgniter\HTTP\IncomingRequest), Object(CodeIgniter\HTTP\Response), Object(CodeIgniter\Log\Logger))
 2 SYSTEMPATH/CodeIgniter.php(511): CodeIgniter\CodeIgniter->createController()
 3 SYSTEMPATH/CodeIgniter.php(363): CodeIgniter\CodeIgniter->handleRequest(null, Object(Config\Cache), false)
 4 SYSTEMPATH/Boot.php(417): CodeIgniter\CodeIgniter->run()
 5 SYSTEMPATH/Boot.php(68): CodeIgniter\Boot::runCodeIgniter(Object(CodeIgniter\CodeIgniter))
 6 FCPATH/index.php(59): CodeIgniter\Boot::bootWeb(Object(Config\Paths))
CRITICAL - 2026-05-23 17:35:14 --> Error: Cannot access protected property CodeIgniter\HTTP\IncomingRequest::$uri
[Method: GET, Route: /]
in APPPATH/Views/view_header.php on line 23.
 1 SYSTEMPATH/View/View.php(240): include()
 2 SYSTEMPATH/View/View.php(243): CodeIgniter\View\View->CodeIgniter\View\{closure}()
 3 SYSTEMPATH/Common.php(1254): CodeIgniter\View\View->render()
 4 APPPATH/Controllers/Home.php(44): view()
 5 SYSTEMPATH/CodeIgniter.php(974): App\Controllers\Home->index()
 6 SYSTEMPATH/CodeIgniter.php(520): CodeIgniter\CodeIgniter->runController()
 7 SYSTEMPATH/CodeIgniter.php(363): CodeIgniter\CodeIgniter->handleRequest()
 8 SYSTEMPATH/Boot.php(417): CodeIgniter\CodeIgniter->run()
 9 SYSTEMPATH/Boot.php(68): CodeIgniter\Boot::runCodeIgniter()
10 FCPATH/index.php(59): CodeIgniter\Boot::bootWeb()
DEBUG - 2026-05-23 17:35:25 --> Session: Class initialized using 'CodeIgniter\Session\Handlers\FileHandler' driver.
WARNING - 2026-05-23 17:35:25 --> [DEPRECATED] Creation of dynamic property App\Controllers\Home::$session is deprecated in APPPATH/Controllers/BaseController.php on line 43.
 1 APPPATH/Controllers/MY_Controller.php(14): App\Controllers\BaseController->initController(Object(CodeIgniter\HTTP\IncomingRequest), Object(CodeIgniter\HTTP\Response), Object(CodeIgniter\Log\Logger))
 2 APPPATH/Controllers/Home.php(13): App\Controllers\MY_Controller->initController(Object(CodeIgniter\HTTP\IncomingRequest), Object(CodeIgniter\HTTP\Response), Object(CodeIgniter\Log\Logger))
 3 SYSTEMPATH/CodeIgniter.php(945): App\Controllers\Home->initController(Object(CodeIgniter\HTTP\IncomingRequest), Object(CodeIgniter\HTTP\Response), Object(CodeIgniter\Log\Logger))
 4 SYSTEMPATH/CodeIgniter.php(511): CodeIgniter\CodeIgniter->createController()
 5 SYSTEMPATH/CodeIgniter.php(363): CodeIgniter\CodeIgniter->handleRequest(null, Object(Config\Cache), false)
 6 SYSTEMPATH/Boot.php(417): CodeIgniter\CodeIgniter->run()
 7 SYSTEMPATH/Boot.php(68): CodeIgniter\Boot::runCodeIgniter(Object(CodeIgniter\CodeIgniter))
 8 FCPATH/index.php(59): CodeIgniter\Boot::bootWeb(Object(Config\Paths))
WARNING - 2026-05-23 17:35:25 --> [DEPRECATED] Creation of dynamic property App\Controllers\Home::$Model_lang is deprecated in APPPATH/Controllers/MY_Controller.php on line 17.
 1 APPPATH/Controllers/Home.php(13): App\Controllers\MY_Controller->initController(Object(CodeIgniter\HTTP\IncomingRequest), Object(CodeIgniter\HTTP\Response), Object(CodeIgniter\Log\Logger))
 2 SYSTEMPATH/CodeIgniter.php(945): App\Controllers\Home->initController(Object(CodeIgniter\HTTP\IncomingRequest), Object(CodeIgniter\HTTP\Response), Object(CodeIgniter\Log\Logger))
 3 SYSTEMPATH/CodeIgniter.php(511): CodeIgniter\CodeIgniter->createController()
 4 SYSTEMPATH/CodeIgniter.php(363): CodeIgniter\CodeIgniter->handleRequest(null, Object(Config\Cache), false)
 5 SYSTEMPATH/Boot.php(417): CodeIgniter\CodeIgniter->run()
 6 SYSTEMPATH/Boot.php(68): CodeIgniter\Boot::runCodeIgniter(Object(CodeIgniter\CodeIgniter))
 7 FCPATH/index.php(59): CodeIgniter\Boot::bootWeb(Object(Config\Paths))
WARNING - 2026-05-23 17:35:25 --> [DEPRECATED] Creation of dynamic property App\Controllers\Home::$Model_common is deprecated in APPPATH/Controllers/Home.php on line 14.
 1 SYSTEMPATH/CodeIgniter.php(945): App\Controllers\Home->initController(Object(CodeIgniter\HTTP\IncomingRequest), Object(CodeIgniter\HTTP\Response), Object(CodeIgniter\Log\Logger))
 2 SYSTEMPATH/CodeIgniter.php(511): CodeIgniter\CodeIgniter->createController()
 3 SYSTEMPATH/CodeIgniter.php(363): CodeIgniter\CodeIgniter->handleRequest(null, Object(Config\Cache), false)
 4 SYSTEMPATH/Boot.php(417): CodeIgniter\CodeIgniter->run()
 5 SYSTEMPATH/Boot.php(68): CodeIgniter\Boot::runCodeIgniter(Object(CodeIgniter\CodeIgniter))
 6 FCPATH/index.php(59): CodeIgniter\Boot::bootWeb(Object(Config\Paths))
WARNING - 2026-05-23 17:35:25 --> [DEPRECATED] Creation of dynamic property App\Controllers\Home::$Model_home is deprecated in APPPATH/Controllers/Home.php on line 15.
 1 SYSTEMPATH/CodeIgniter.php(945): App\Controllers\Home->initController(Object(CodeIgniter\HTTP\IncomingRequest), Object(CodeIgniter\HTTP\Response), Object(CodeIgniter\Log\Logger))
 2 SYSTEMPATH/CodeIgniter.php(511): CodeIgniter\CodeIgniter->createController()
 3 SYSTEMPATH/CodeIgniter.php(363): CodeIgniter\CodeIgniter->handleRequest(null, Object(Config\Cache), false)
 4 SYSTEMPATH/Boot.php(417): CodeIgniter\CodeIgniter->run()
 5 SYSTEMPATH/Boot.php(68): CodeIgniter\Boot::runCodeIgniter(Object(CodeIgniter\CodeIgniter))
 6 FCPATH/index.php(59): CodeIgniter\Boot::bootWeb(Object(Config\Paths))
WARNING - 2026-05-23 17:35:25 --> [DEPRECATED] Creation of dynamic property App\Controllers\Home::$Model_portfolio is deprecated in APPPATH/Controllers/Home.php on line 16.
 1 SYSTEMPATH/CodeIgniter.php(945): App\Controllers\Home->initController(Object(CodeIgniter\HTTP\IncomingRequest), Object(CodeIgniter\HTTP\Response), Object(CodeIgniter\Log\Logger))
 2 SYSTEMPATH/CodeIgniter.php(511): CodeIgniter\CodeIgniter->createController()
 3 SYSTEMPATH/CodeIgniter.php(363): CodeIgniter\CodeIgniter->handleRequest(null, Object(Config\Cache), false)
 4 SYSTEMPATH/Boot.php(417): CodeIgniter\CodeIgniter->run()
 5 SYSTEMPATH/Boot.php(68): CodeIgniter\Boot::runCodeIgniter(Object(CodeIgniter\CodeIgniter))
 6 FCPATH/index.php(59): CodeIgniter\Boot::bootWeb(Object(Config\Paths))
CRITICAL - 2026-05-23 17:35:25 --> ErrorException: Undefined property: CodeIgniter\View\View::$session
[Method: GET, Route: /]
in APPPATH/Views/view_footer.php on line 189.
 1 APPPATH/Views/view_footer.php(189): CodeIgniter\Debug\Exceptions->errorHandler()
 2 SYSTEMPATH/View/View.php(240): include('/var/www/html/ecomm_ci/app/Views/view_footer.php')
 3 SYSTEMPATH/View/View.php(243): CodeIgniter\View\View->CodeIgniter\View\{closure}()
 4 SYSTEMPATH/Common.php(1254): CodeIgniter\View\View->render()
 5 APPPATH/Controllers/Home.php(46): view()
 6 SYSTEMPATH/CodeIgniter.php(974): App\Controllers\Home->index()
 7 SYSTEMPATH/CodeIgniter.php(520): CodeIgniter\CodeIgniter->runController()
 8 SYSTEMPATH/CodeIgniter.php(363): CodeIgniter\CodeIgniter->handleRequest()
 9 SYSTEMPATH/Boot.php(417): CodeIgniter\CodeIgniter->run()
10 SYSTEMPATH/Boot.php(68): CodeIgniter\Boot::runCodeIgniter()
11 FCPATH/index.php(59): CodeIgniter\Boot::bootWeb()
DEBUG - 2026-05-23 17:35:41 --> Session: Class initialized using 'CodeIgniter\Session\Handlers\FileHandler' driver.
WARNING - 2026-05-23 17:35:41 --> [DEPRECATED] Creation of dynamic property App\Controllers\Home::$session is deprecated in APPPATH/Controllers/BaseController.php on line 43.
 1 APPPATH/Controllers/MY_Controller.php(14): App\Controllers\BaseController->initController(Object(CodeIgniter\HTTP\IncomingRequest), Object(CodeIgniter\HTTP\Response), Object(CodeIgniter\Log\Logger))
 2 APPPATH/Controllers/Home.php(13): App\Controllers\MY_Controller->initController(Object(CodeIgniter\HTTP\IncomingRequest), Object(CodeIgniter\HTTP\Response), Object(CodeIgniter\Log\Logger))
 3 SYSTEMPATH/CodeIgniter.php(945): App\Controllers\Home->initController(Object(CodeIgniter\HTTP\IncomingRequest), Object(CodeIgniter\HTTP\Response), Object(CodeIgniter\Log\Logger))
 4 SYSTEMPATH/CodeIgniter.php(511): CodeIgniter\CodeIgniter->createController()
 5 SYSTEMPATH/CodeIgniter.php(363): CodeIgniter\CodeIgniter->handleRequest(null, Object(Config\Cache), false)
 6 SYSTEMPATH/Boot.php(417): CodeIgniter\CodeIgniter->run()
 7 SYSTEMPATH/Boot.php(68): CodeIgniter\Boot::runCodeIgniter(Object(CodeIgniter\CodeIgniter))
 8 FCPATH/index.php(59): CodeIgniter\Boot::bootWeb(Object(Config\Paths))
WARNING - 2026-05-23 17:35:41 --> [DEPRECATED] Creation of dynamic property App\Controllers\Home::$Model_lang is deprecated in APPPATH/Controllers/MY_Controller.php on line 17.
 1 APPPATH/Controllers/Home.php(13): App\Controllers\MY_Controller->initController(Object(CodeIgniter\HTTP\IncomingRequest), Object(CodeIgniter\HTTP\Response), Object(CodeIgniter\Log\Logger))
 2 SYSTEMPATH/CodeIgniter.php(945): App\Controllers\Home->initController(Object(CodeIgniter\HTTP\IncomingRequest), Object(CodeIgniter\HTTP\Response), Object(CodeIgniter\Log\Logger))
 3 SYSTEMPATH/CodeIgniter.php(511): CodeIgniter\CodeIgniter->createController()
 4 SYSTEMPATH/CodeIgniter.php(363): CodeIgniter\CodeIgniter->handleRequest(null, Object(Config\Cache), false)
 5 SYSTEMPATH/Boot.php(417): CodeIgniter\CodeIgniter->run()
 6 SYSTEMPATH/Boot.php(68): CodeIgniter\Boot::runCodeIgniter(Object(CodeIgniter\CodeIgniter))
 7 FCPATH/index.php(59): CodeIgniter\Boot::bootWeb(Object(Config\Paths))
WARNING - 2026-05-23 17:35:41 --> [DEPRECATED] Creation of dynamic property App\Controllers\Home::$Model_common is deprecated in APPPATH/Controllers/Home.php on line 14.
 1 SYSTEMPATH/CodeIgniter.php(945): App\Controllers\Home->initController(Object(CodeIgniter\HTTP\IncomingRequest), Object(CodeIgniter\HTTP\Response), Object(CodeIgniter\Log\Logger))
 2 SYSTEMPATH/CodeIgniter.php(511): CodeIgniter\CodeIgniter->createController()
 3 SYSTEMPATH/CodeIgniter.php(363): CodeIgniter\CodeIgniter->handleRequest(null, Object(Config\Cache), false)
 4 SYSTEMPATH/Boot.php(417): CodeIgniter\CodeIgniter->run()
 5 SYSTEMPATH/Boot.php(68): CodeIgniter\Boot::runCodeIgniter(Object(CodeIgniter\CodeIgniter))
 6 FCPATH/index.php(59): CodeIgniter\Boot::bootWeb(Object(Config\Paths))
WARNING - 2026-05-23 17:35:41 --> [DEPRECATED] Creation of dynamic property App\Controllers\Home::$Model_home is deprecated in APPPATH/Controllers/Home.php on line 15.
 1 SYSTEMPATH/CodeIgniter.php(945): App\Controllers\Home->initController(Object(CodeIgniter\HTTP\IncomingRequest), Object(CodeIgniter\HTTP\Response), Object(CodeIgniter\Log\Logger))
 2 SYSTEMPATH/CodeIgniter.php(511): CodeIgniter\CodeIgniter->createController()
 3 SYSTEMPATH/CodeIgniter.php(363): CodeIgniter\CodeIgniter->handleRequest(null, Object(Config\Cache), false)
 4 SYSTEMPATH/Boot.php(417): CodeIgniter\CodeIgniter->run()
 5 SYSTEMPATH/Boot.php(68): CodeIgniter\Boot::runCodeIgniter(Object(CodeIgniter\CodeIgniter))
 6 FCPATH/index.php(59): CodeIgniter\Boot::bootWeb(Object(Config\Paths))
WARNING - 2026-05-23 17:35:41 --> [DEPRECATED] Creation of dynamic property App\Controllers\Home::$Model_portfolio is deprecated in APPPATH/Controllers/Home.php on line 16.
 1 SYSTEMPATH/CodeIgniter.php(945): App\Controllers\Home->initController(Object(CodeIgniter\HTTP\IncomingRequest), Object(CodeIgniter\HTTP\Response), Object(CodeIgniter\Log\Logger))
 2 SYSTEMPATH/CodeIgniter.php(511): CodeIgniter\CodeIgniter->createController()
 3 SYSTEMPATH/CodeIgniter.php(363): CodeIgniter\CodeIgniter->handleRequest(null, Object(Config\Cache), false)
 4 SYSTEMPATH/Boot.php(417): CodeIgniter\CodeIgniter->run()
 5 SYSTEMPATH/Boot.php(68): CodeIgniter\Boot::runCodeIgniter(Object(CodeIgniter\CodeIgniter))
 6 FCPATH/index.php(59): CodeIgniter\Boot::bootWeb(Object(Config\Paths))
DEBUG - 2026-05-23 17:35:50 --> Session: Class initialized using 'CodeIgniter\Session\Handlers\FileHandler' driver.
WARNING - 2026-05-23 17:35:50 --> [DEPRECATED] Creation of dynamic property App\Controllers\Home::$session is deprecated in APPPATH/Controllers/BaseController.php on line 43.
 1 APPPATH/Controllers/MY_Controller.php(14): App\Controllers\BaseController->initController(Object(CodeIgniter\HTTP\IncomingRequest), Object(CodeIgniter\HTTP\Response), Object(CodeIgniter\Log\Logger))
 2 APPPATH/Controllers/Home.php(13): App\Controllers\MY_Controller->initController(Object(CodeIgniter\HTTP\IncomingRequest), Object(CodeIgniter\HTTP\Response), Object(CodeIgniter\Log\Logger))
 3 SYSTEMPATH/CodeIgniter.php(945): App\Controllers\Home->initController(Object(CodeIgniter\HTTP\IncomingRequest), Object(CodeIgniter\HTTP\Response), Object(CodeIgniter\Log\Logger))
 4 SYSTEMPATH/CodeIgniter.php(511): CodeIgniter\CodeIgniter->createController()
 5 SYSTEMPATH/CodeIgniter.php(363): CodeIgniter\CodeIgniter->handleRequest(null, Object(Config\Cache), false)
 6 SYSTEMPATH/Boot.php(417): CodeIgniter\CodeIgniter->run()
 7 SYSTEMPATH/Boot.php(68): CodeIgniter\Boot::runCodeIgniter(Object(CodeIgniter\CodeIgniter))
 8 FCPATH/index.php(59): CodeIgniter\Boot::bootWeb(Object(Config\Paths))
WARNING - 2026-05-23 17:35:50 --> [DEPRECATED] Creation of dynamic property App\Controllers\Home::$Model_lang is deprecated in APPPATH/Controllers/MY_Controller.php on line 17.
 1 APPPATH/Controllers/Home.php(13): App\Controllers\MY_Controller->initController(Object(CodeIgniter\HTTP\IncomingRequest), Object(CodeIgniter\HTTP\Response), Object(CodeIgniter\Log\Logger))
 2 SYSTEMPATH/CodeIgniter.php(945): App\Controllers\Home->initController(Object(CodeIgniter\HTTP\IncomingRequest), Object(CodeIgniter\HTTP\Response), Object(CodeIgniter\Log\Logger))
 3 SYSTEMPATH/CodeIgniter.php(511): CodeIgniter\CodeIgniter->createController()
 4 SYSTEMPATH/CodeIgniter.php(363): CodeIgniter\CodeIgniter->handleRequest(null, Object(Config\Cache), false)
 5 SYSTEMPATH/Boot.php(417): CodeIgniter\CodeIgniter->run()
 6 SYSTEMPATH/Boot.php(68): CodeIgniter\Boot::runCodeIgniter(Object(CodeIgniter\CodeIgniter))
 7 FCPATH/index.php(59): CodeIgniter\Boot::bootWeb(Object(Config\Paths))
WARNING - 2026-05-23 17:35:50 --> [DEPRECATED] Creation of dynamic property App\Controllers\Home::$Model_common is deprecated in APPPATH/Controllers/Home.php on line 14.
 1 SYSTEMPATH/CodeIgniter.php(945): App\Controllers\Home->initController(Object(CodeIgniter\HTTP\IncomingRequest), Object(CodeIgniter\HTTP\Response), Object(CodeIgniter\Log\Logger))
 2 SYSTEMPATH/CodeIgniter.php(511): CodeIgniter\CodeIgniter->createController()
 3 SYSTEMPATH/CodeIgniter.php(363): CodeIgniter\CodeIgniter->handleRequest(null, Object(Config\Cache), false)
 4 SYSTEMPATH/Boot.php(417): CodeIgniter\CodeIgniter->run()
 5 SYSTEMPATH/Boot.php(68): CodeIgniter\Boot::runCodeIgniter(Object(CodeIgniter\CodeIgniter))
 6 FCPATH/index.php(59): CodeIgniter\Boot::bootWeb(Object(Config\Paths))
WARNING - 2026-05-23 17:35:50 --> [DEPRECATED] Creation of dynamic property App\Controllers\Home::$Model_home is deprecated in APPPATH/Controllers/Home.php on line 15.
 1 SYSTEMPATH/CodeIgniter.php(945): App\Controllers\Home->initController(Object(CodeIgniter\HTTP\IncomingRequest), Object(CodeIgniter\HTTP\Response), Object(CodeIgniter\Log\Logger))
 2 SYSTEMPATH/CodeIgniter.php(511): CodeIgniter\CodeIgniter->createController()
 3 SYSTEMPATH/CodeIgniter.php(363): CodeIgniter\CodeIgniter->handleRequest(null, Object(Config\Cache), false)
 4 SYSTEMPATH/Boot.php(417): CodeIgniter\CodeIgniter->run()
 5 SYSTEMPATH/Boot.php(68): CodeIgniter\Boot::runCodeIgniter(Object(CodeIgniter\CodeIgniter))
 6 FCPATH/index.php(59): CodeIgniter\Boot::bootWeb(Object(Config\Paths))
WARNING - 2026-05-23 17:35:50 --> [DEPRECATED] Creation of dynamic property App\Controllers\Home::$Model_portfolio is deprecated in APPPATH/Controllers/Home.php on line 16.
 1 SYSTEMPATH/CodeIgniter.php(945): App\Controllers\Home->initController(Object(CodeIgniter\HTTP\IncomingRequest), Object(CodeIgniter\HTTP\Response), Object(CodeIgniter\Log\Logger))
 2 SYSTEMPATH/CodeIgniter.php(511): CodeIgniter\CodeIgniter->createController()
 3 SYSTEMPATH/CodeIgniter.php(363): CodeIgniter\CodeIgniter->handleRequest(null, Object(Config\Cache), false)
 4 SYSTEMPATH/Boot.php(417): CodeIgniter\CodeIgniter->run()
 5 SYSTEMPATH/Boot.php(68): CodeIgniter\Boot::runCodeIgniter(Object(CodeIgniter\CodeIgniter))
 6 FCPATH/index.php(59): CodeIgniter\Boot::bootWeb(Object(Config\Paths))
DEBUG - 2026-05-23 17:35:54 --> Session: Class initialized using 'CodeIgniter\Session\Handlers\FileHandler' driver.
WARNING - 2026-05-23 17:35:54 --> [DEPRECATED] Creation of dynamic property App\Controllers\Home::$session is deprecated in APPPATH/Controllers/BaseController.php on line 43.
 1 APPPATH/Controllers/MY_Controller.php(14): App\Controllers\BaseController->initController(Object(CodeIgniter\HTTP\IncomingRequest), Object(CodeIgniter\HTTP\Response), Object(CodeIgniter\Log\Logger))
 2 APPPATH/Controllers/Home.php(13): App\Controllers\MY_Controller->initController(Object(CodeIgniter\HTTP\IncomingRequest), Object(CodeIgniter\HTTP\Response), Object(CodeIgniter\Log\Logger))
 3 SYSTEMPATH/CodeIgniter.php(945): App\Controllers\Home->initController(Object(CodeIgniter\HTTP\IncomingRequest), Object(CodeIgniter\HTTP\Response), Object(CodeIgniter\Log\Logger))
 4 SYSTEMPATH/CodeIgniter.php(511): CodeIgniter\CodeIgniter->createController()
 5 SYSTEMPATH/CodeIgniter.php(363): CodeIgniter\CodeIgniter->handleRequest(null, Object(Config\Cache), false)
 6 SYSTEMPATH/Boot.php(417): CodeIgniter\CodeIgniter->run()
 7 SYSTEMPATH/Boot.php(68): CodeIgniter\Boot::runCodeIgniter(Object(CodeIgniter\CodeIgniter))
 8 FCPATH/index.php(59): CodeIgniter\Boot::bootWeb(Object(Config\Paths))
WARNING - 2026-05-23 17:35:54 --> [DEPRECATED] Creation of dynamic property App\Controllers\Home::$Model_lang is deprecated in APPPATH/Controllers/MY_Controller.php on line 17.
 1 APPPATH/Controllers/Home.php(13): App\Controllers\MY_Controller->initController(Object(CodeIgniter\HTTP\IncomingRequest), Object(CodeIgniter\HTTP\Response), Object(CodeIgniter\Log\Logger))
 2 SYSTEMPATH/CodeIgniter.php(945): App\Controllers\Home->initController(Object(CodeIgniter\HTTP\IncomingRequest), Object(CodeIgniter\HTTP\Response), Object(CodeIgniter\Log\Logger))
 3 SYSTEMPATH/CodeIgniter.php(511): CodeIgniter\CodeIgniter->createController()
 4 SYSTEMPATH/CodeIgniter.php(363): CodeIgniter\CodeIgniter->handleRequest(null, Object(Config\Cache), false)
 5 SYSTEMPATH/Boot.php(417): CodeIgniter\CodeIgniter->run()
 6 SYSTEMPATH/Boot.php(68): CodeIgniter\Boot::runCodeIgniter(Object(CodeIgniter\CodeIgniter))
 7 FCPATH/index.php(59): CodeIgniter\Boot::bootWeb(Object(Config\Paths))
WARNING - 2026-05-23 17:35:54 --> [DEPRECATED] Creation of dynamic property App\Controllers\Home::$Model_common is deprecated in APPPATH/Controllers/Home.php on line 14.
 1 SYSTEMPATH/CodeIgniter.php(945): App\Controllers\Home->initController(Object(CodeIgniter\HTTP\IncomingRequest), Object(CodeIgniter\HTTP\Response), Object(CodeIgniter\Log\Logger))
 2 SYSTEMPATH/CodeIgniter.php(511): CodeIgniter\CodeIgniter->createController()
 3 SYSTEMPATH/CodeIgniter.php(363): CodeIgniter\CodeIgniter->handleRequest(null, Object(Config\Cache), false)
 4 SYSTEMPATH/Boot.php(417): CodeIgniter\CodeIgniter->run()
 5 SYSTEMPATH/Boot.php(68): CodeIgniter\Boot::runCodeIgniter(Object(CodeIgniter\CodeIgniter))
 6 FCPATH/index.php(59): CodeIgniter\Boot::bootWeb(Object(Config\Paths))
WARNING - 2026-05-23 17:35:54 --> [DEPRECATED] Creation of dynamic property App\Controllers\Home::$Model_home is deprecated in APPPATH/Controllers/Home.php on line 15.
 1 SYSTEMPATH/CodeIgniter.php(945): App\Controllers\Home->initController(Object(CodeIgniter\HTTP\IncomingRequest), Object(CodeIgniter\HTTP\Response), Object(CodeIgniter\Log\Logger))
 2 SYSTEMPATH/CodeIgniter.php(511): CodeIgniter\CodeIgniter->createController()
 3 SYSTEMPATH/CodeIgniter.php(363): CodeIgniter\CodeIgniter->handleRequest(null, Object(Config\Cache), false)
 4 SYSTEMPATH/Boot.php(417): CodeIgniter\CodeIgniter->run()
 5 SYSTEMPATH/Boot.php(68): CodeIgniter\Boot::runCodeIgniter(Object(CodeIgniter\CodeIgniter))
 6 FCPATH/index.php(59): CodeIgniter\Boot::bootWeb(Object(Config\Paths))
WARNING - 2026-05-23 17:35:54 --> [DEPRECATED] Creation of dynamic property App\Controllers\Home::$Model_portfolio is deprecated in APPPATH/Controllers/Home.php on line 16.
 1 SYSTEMPATH/CodeIgniter.php(945): App\Controllers\Home->initController(Object(CodeIgniter\HTTP\IncomingRequest), Object(CodeIgniter\HTTP\Response), Object(CodeIgniter\Log\Logger))
 2 SYSTEMPATH/CodeIgniter.php(511): CodeIgniter\CodeIgniter->createController()
 3 SYSTEMPATH/CodeIgniter.php(363): CodeIgniter\CodeIgniter->handleRequest(null, Object(Config\Cache), false)
 4 SYSTEMPATH/Boot.php(417): CodeIgniter\CodeIgniter->run()
 5 SYSTEMPATH/Boot.php(68): CodeIgniter\Boot::runCodeIgniter(Object(CodeIgniter\CodeIgniter))
 6 FCPATH/index.php(59): CodeIgniter\Boot::bootWeb(Object(Config\Paths))
DEBUG - 2026-05-23 17:36:18 --> Session: Class initialized using 'CodeIgniter\Session\Handlers\FileHandler' driver.
WARNING - 2026-05-23 17:36:18 --> [DEPRECATED] Creation of dynamic property App\Controllers\Home::$session is deprecated in APPPATH/Controllers/BaseController.php on line 43.
 1 APPPATH/Controllers/MY_Controller.php(14): App\Controllers\BaseController->initController(Object(CodeIgniter\HTTP\IncomingRequest), Object(CodeIgniter\HTTP\Response), Object(CodeIgniter\Log\Logger))
 2 APPPATH/Controllers/Home.php(13): App\Controllers\MY_Controller->initController(Object(CodeIgniter\HTTP\IncomingRequest), Object(CodeIgniter\HTTP\Response), Object(CodeIgniter\Log\Logger))
 3 SYSTEMPATH/CodeIgniter.php(945): App\Controllers\Home->initController(Object(CodeIgniter\HTTP\IncomingRequest), Object(CodeIgniter\HTTP\Response), Object(CodeIgniter\Log\Logger))
 4 SYSTEMPATH/CodeIgniter.php(511): CodeIgniter\CodeIgniter->createController()
 5 SYSTEMPATH/CodeIgniter.php(363): CodeIgniter\CodeIgniter->handleRequest(null, Object(Config\Cache), false)
 6 SYSTEMPATH/Boot.php(417): CodeIgniter\CodeIgniter->run()
 7 SYSTEMPATH/Boot.php(68): CodeIgniter\Boot::runCodeIgniter(Object(CodeIgniter\CodeIgniter))
 8 FCPATH/index.php(59): CodeIgniter\Boot::bootWeb(Object(Config\Paths))
WARNING - 2026-05-23 17:36:18 --> [DEPRECATED] Creation of dynamic property App\Controllers\Home::$Model_lang is deprecated in APPPATH/Controllers/MY_Controller.php on line 17.
 1 APPPATH/Controllers/Home.php(13): App\Controllers\MY_Controller->initController(Object(CodeIgniter\HTTP\IncomingRequest), Object(CodeIgniter\HTTP\Response), Object(CodeIgniter\Log\Logger))
 2 SYSTEMPATH/CodeIgniter.php(945): App\Controllers\Home->initController(Object(CodeIgniter\HTTP\IncomingRequest), Object(CodeIgniter\HTTP\Response), Object(CodeIgniter\Log\Logger))
 3 SYSTEMPATH/CodeIgniter.php(511): CodeIgniter\CodeIgniter->createController()
 4 SYSTEMPATH/CodeIgniter.php(363): CodeIgniter\CodeIgniter->handleRequest(null, Object(Config\Cache), false)
 5 SYSTEMPATH/Boot.php(417): CodeIgniter\CodeIgniter->run()
 6 SYSTEMPATH/Boot.php(68): CodeIgniter\Boot::runCodeIgniter(Object(CodeIgniter\CodeIgniter))
 7 FCPATH/index.php(59): CodeIgniter\Boot::bootWeb(Object(Config\Paths))
WARNING - 2026-05-23 17:36:18 --> [DEPRECATED] Creation of dynamic property App\Controllers\Home::$Model_common is deprecated in APPPATH/Controllers/Home.php on line 14.
 1 SYSTEMPATH/CodeIgniter.php(945): App\Controllers\Home->initController(Object(CodeIgniter\HTTP\IncomingRequest), Object(CodeIgniter\HTTP\Response), Object(CodeIgniter\Log\Logger))
 2 SYSTEMPATH/CodeIgniter.php(511): CodeIgniter\CodeIgniter->createController()
 3 SYSTEMPATH/CodeIgniter.php(363): CodeIgniter\CodeIgniter->handleRequest(null, Object(Config\Cache), false)
 4 SYSTEMPATH/Boot.php(417): CodeIgniter\CodeIgniter->run()
 5 SYSTEMPATH/Boot.php(68): CodeIgniter\Boot::runCodeIgniter(Object(CodeIgniter\CodeIgniter))
 6 FCPATH/index.php(59): CodeIgniter\Boot::bootWeb(Object(Config\Paths))
WARNING - 2026-05-23 17:36:18 --> [DEPRECATED] Creation of dynamic property App\Controllers\Home::$Model_home is deprecated in APPPATH/Controllers/Home.php on line 15.
 1 SYSTEMPATH/CodeIgniter.php(945): App\Controllers\Home->initController(Object(CodeIgniter\HTTP\IncomingRequest), Object(CodeIgniter\HTTP\Response), Object(CodeIgniter\Log\Logger))
 2 SYSTEMPATH/CodeIgniter.php(511): CodeIgniter\CodeIgniter->createController()
 3 SYSTEMPATH/CodeIgniter.php(363): CodeIgniter\CodeIgniter->handleRequest(null, Object(Config\Cache), false)
 4 SYSTEMPATH/Boot.php(417): CodeIgniter\CodeIgniter->run()
 5 SYSTEMPATH/Boot.php(68): CodeIgniter\Boot::runCodeIgniter(Object(CodeIgniter\CodeIgniter))
 6 FCPATH/index.php(59): CodeIgniter\Boot::bootWeb(Object(Config\Paths))
WARNING - 2026-05-23 17:36:18 --> [DEPRECATED] Creation of dynamic property App\Controllers\Home::$Model_portfolio is deprecated in APPPATH/Controllers/Home.php on line 16.
 1 SYSTEMPATH/CodeIgniter.php(945): App\Controllers\Home->initController(Object(CodeIgniter\HTTP\IncomingRequest), Object(CodeIgniter\HTTP\Response), Object(CodeIgniter\Log\Logger))
 2 SYSTEMPATH/CodeIgniter.php(511): CodeIgniter\CodeIgniter->createController()
 3 SYSTEMPATH/CodeIgniter.php(363): CodeIgniter\CodeIgniter->handleRequest(null, Object(Config\Cache), false)
 4 SYSTEMPATH/Boot.php(417): CodeIgniter\CodeIgniter->run()
 5 SYSTEMPATH/Boot.php(68): CodeIgniter\Boot::runCodeIgniter(Object(CodeIgniter\CodeIgniter))
 6 FCPATH/index.php(59): CodeIgniter\Boot::bootWeb(Object(Config\Paths))
DEBUG - 2026-05-23 17:36:21 --> Session: Class initialized using 'CodeIgniter\Session\Handlers\FileHandler' driver.
WARNING - 2026-05-23 17:36:21 --> [DEPRECATED] Creation of dynamic property App\Controllers\About::$session is deprecated in APPPATH/Controllers/BaseController.php on line 43.
 1 APPPATH/Controllers/MY_Controller.php(14): App\Controllers\BaseController->initController(Object(CodeIgniter\HTTP\IncomingRequest), Object(CodeIgniter\HTTP\Response), Object(CodeIgniter\Log\Logger))
 2 APPPATH/Controllers/About.php(12): App\Controllers\MY_Controller->initController(Object(CodeIgniter\HTTP\IncomingRequest), Object(CodeIgniter\HTTP\Response), Object(CodeIgniter\Log\Logger))
 3 SYSTEMPATH/CodeIgniter.php(945): App\Controllers\About->initController(Object(CodeIgniter\HTTP\IncomingRequest), Object(CodeIgniter\HTTP\Response), Object(CodeIgniter\Log\Logger))
 4 SYSTEMPATH/CodeIgniter.php(511): CodeIgniter\CodeIgniter->createController()
 5 SYSTEMPATH/CodeIgniter.php(363): CodeIgniter\CodeIgniter->handleRequest(null, Object(Config\Cache), false)
 6 SYSTEMPATH/Boot.php(417): CodeIgniter\CodeIgniter->run()
 7 SYSTEMPATH/Boot.php(68): CodeIgniter\Boot::runCodeIgniter(Object(CodeIgniter\CodeIgniter))
 8 FCPATH/index.php(59): CodeIgniter\Boot::bootWeb(Object(Config\Paths))
WARNING - 2026-05-23 17:36:21 --> [DEPRECATED] Creation of dynamic property App\Controllers\About::$Model_lang is deprecated in APPPATH/Controllers/MY_Controller.php on line 17.
 1 APPPATH/Controllers/About.php(12): App\Controllers\MY_Controller->initController(Object(CodeIgniter\HTTP\IncomingRequest), Object(CodeIgniter\HTTP\Response), Object(CodeIgniter\Log\Logger))
 2 SYSTEMPATH/CodeIgniter.php(945): App\Controllers\About->initController(Object(CodeIgniter\HTTP\IncomingRequest), Object(CodeIgniter\HTTP\Response), Object(CodeIgniter\Log\Logger))
 3 SYSTEMPATH/CodeIgniter.php(511): CodeIgniter\CodeIgniter->createController()
 4 SYSTEMPATH/CodeIgniter.php(363): CodeIgniter\CodeIgniter->handleRequest(null, Object(Config\Cache), false)
 5 SYSTEMPATH/Boot.php(417): CodeIgniter\CodeIgniter->run()
 6 SYSTEMPATH/Boot.php(68): CodeIgniter\Boot::runCodeIgniter(Object(CodeIgniter\CodeIgniter))
 7 FCPATH/index.php(59): CodeIgniter\Boot::bootWeb(Object(Config\Paths))
WARNING - 2026-05-23 17:36:21 --> [DEPRECATED] Creation of dynamic property App\Controllers\About::$Model_common is deprecated in APPPATH/Controllers/About.php on line 13.
 1 SYSTEMPATH/CodeIgniter.php(945): App\Controllers\About->initController(Object(CodeIgniter\HTTP\IncomingRequest), Object(CodeIgniter\HTTP\Response), Object(CodeIgniter\Log\Logger))
 2 SYSTEMPATH/CodeIgniter.php(511): CodeIgniter\CodeIgniter->createController()
 3 SYSTEMPATH/CodeIgniter.php(363): CodeIgniter\CodeIgniter->handleRequest(null, Object(Config\Cache), false)
 4 SYSTEMPATH/Boot.php(417): CodeIgniter\CodeIgniter->run()
 5 SYSTEMPATH/Boot.php(68): CodeIgniter\Boot::runCodeIgniter(Object(CodeIgniter\CodeIgniter))
 6 FCPATH/index.php(59): CodeIgniter\Boot::bootWeb(Object(Config\Paths))
WARNING - 2026-05-23 17:36:21 --> [DEPRECATED] Creation of dynamic property App\Controllers\About::$Model_portfolio is deprecated in APPPATH/Controllers/About.php on line 14.
 1 SYSTEMPATH/CodeIgniter.php(945): App\Controllers\About->initController(Object(CodeIgniter\HTTP\IncomingRequest), Object(CodeIgniter\HTTP\Response), Object(CodeIgniter\Log\Logger))
 2 SYSTEMPATH/CodeIgniter.php(511): CodeIgniter\CodeIgniter->createController()
 3 SYSTEMPATH/CodeIgniter.php(363): CodeIgniter\CodeIgniter->handleRequest(null, Object(Config\Cache), false)
 4 SYSTEMPATH/Boot.php(417): CodeIgniter\CodeIgniter->run()
 5 SYSTEMPATH/Boot.php(68): CodeIgniter\Boot::runCodeIgniter(Object(CodeIgniter\CodeIgniter))
 6 FCPATH/index.php(59): CodeIgniter\Boot::bootWeb(Object(Config\Paths))
DEBUG - 2026-05-23 17:36:25 --> Session: Class initialized using 'CodeIgniter\Session\Handlers\FileHandler' driver.
WARNING - 2026-05-23 17:36:25 --> [DEPRECATED] Creation of dynamic property App\Controllers\Home::$session is deprecated in APPPATH/Controllers/BaseController.php on line 43.
 1 APPPATH/Controllers/MY_Controller.php(14): App\Controllers\BaseController->initController(Object(CodeIgniter\HTTP\IncomingRequest), Object(CodeIgniter\HTTP\Response), Object(CodeIgniter\Log\Logger))
 2 APPPATH/Controllers/Home.php(13): App\Controllers\MY_Controller->initController(Object(CodeIgniter\HTTP\IncomingRequest), Object(CodeIgniter\HTTP\Response), Object(CodeIgniter\Log\Logger))
 3 SYSTEMPATH/CodeIgniter.php(945): App\Controllers\Home->initController(Object(CodeIgniter\HTTP\IncomingRequest), Object(CodeIgniter\HTTP\Response), Object(CodeIgniter\Log\Logger))
 4 SYSTEMPATH/CodeIgniter.php(511): CodeIgniter\CodeIgniter->createController()
 5 SYSTEMPATH/CodeIgniter.php(363): CodeIgniter\CodeIgniter->handleRequest(null, Object(Config\Cache), false)
 6 SYSTEMPATH/Boot.php(417): CodeIgniter\CodeIgniter->run()
 7 SYSTEMPATH/Boot.php(68): CodeIgniter\Boot::runCodeIgniter(Object(CodeIgniter\CodeIgniter))
 8 FCPATH/index.php(59): CodeIgniter\Boot::bootWeb(Object(Config\Paths))
WARNING - 2026-05-23 17:36:25 --> [DEPRECATED] Creation of dynamic property App\Controllers\Home::$Model_lang is deprecated in APPPATH/Controllers/MY_Controller.php on line 17.
 1 APPPATH/Controllers/Home.php(13): App\Controllers\MY_Controller->initController(Object(CodeIgniter\HTTP\IncomingRequest), Object(CodeIgniter\HTTP\Response), Object(CodeIgniter\Log\Logger))
 2 SYSTEMPATH/CodeIgniter.php(945): App\Controllers\Home->initController(Object(CodeIgniter\HTTP\IncomingRequest), Object(CodeIgniter\HTTP\Response), Object(CodeIgniter\Log\Logger))
 3 SYSTEMPATH/CodeIgniter.php(511): CodeIgniter\CodeIgniter->createController()
 4 SYSTEMPATH/CodeIgniter.php(363): CodeIgniter\CodeIgniter->handleRequest(null, Object(Config\Cache), false)
 5 SYSTEMPATH/Boot.php(417): CodeIgniter\CodeIgniter->run()
 6 SYSTEMPATH/Boot.php(68): CodeIgniter\Boot::runCodeIgniter(Object(CodeIgniter\CodeIgniter))
 7 FCPATH/index.php(59): CodeIgniter\Boot::bootWeb(Object(Config\Paths))
WARNING - 2026-05-23 17:36:25 --> [DEPRECATED] Creation of dynamic property App\Controllers\Home::$Model_common is deprecated in APPPATH/Controllers/Home.php on line 14.
 1 SYSTEMPATH/CodeIgniter.php(945): App\Controllers\Home->initController(Object(CodeIgniter\HTTP\IncomingRequest), Object(CodeIgniter\HTTP\Response), Object(CodeIgniter\Log\Logger))
 2 SYSTEMPATH/CodeIgniter.php(511): CodeIgniter\CodeIgniter->createController()
 3 SYSTEMPATH/CodeIgniter.php(363): CodeIgniter\CodeIgniter->handleRequest(null, Object(Config\Cache), false)
 4 SYSTEMPATH/Boot.php(417): CodeIgniter\CodeIgniter->run()
 5 SYSTEMPATH/Boot.php(68): CodeIgniter\Boot::runCodeIgniter(Object(CodeIgniter\CodeIgniter))
 6 FCPATH/index.php(59): CodeIgniter\Boot::bootWeb(Object(Config\Paths))
WARNING - 2026-05-23 17:36:25 --> [DEPRECATED] Creation of dynamic property App\Controllers\Home::$Model_home is deprecated in APPPATH/Controllers/Home.php on line 15.
 1 SYSTEMPATH/CodeIgniter.php(945): App\Controllers\Home->initController(Object(CodeIgniter\HTTP\IncomingRequest), Object(CodeIgniter\HTTP\Response), Object(CodeIgniter\Log\Logger))
 2 SYSTEMPATH/CodeIgniter.php(511): CodeIgniter\CodeIgniter->createController()
 3 SYSTEMPATH/CodeIgniter.php(363): CodeIgniter\CodeIgniter->handleRequest(null, Object(Config\Cache), false)
 4 SYSTEMPATH/Boot.php(417): CodeIgniter\CodeIgniter->run()
 5 SYSTEMPATH/Boot.php(68): CodeIgniter\Boot::runCodeIgniter(Object(CodeIgniter\CodeIgniter))
 6 FCPATH/index.php(59): CodeIgniter\Boot::bootWeb(Object(Config\Paths))
WARNING - 2026-05-23 17:36:25 --> [DEPRECATED] Creation of dynamic property App\Controllers\Home::$Model_portfolio is deprecated in APPPATH/Controllers/Home.php on line 16.
 1 SYSTEMPATH/CodeIgniter.php(945): App\Controllers\Home->initController(Object(CodeIgniter\HTTP\IncomingRequest), Object(CodeIgniter\HTTP\Response), Object(CodeIgniter\Log\Logger))
 2 SYSTEMPATH/CodeIgniter.php(511): CodeIgniter\CodeIgniter->createController()
 3 SYSTEMPATH/CodeIgniter.php(363): CodeIgniter\CodeIgniter->handleRequest(null, Object(Config\Cache), false)
 4 SYSTEMPATH/Boot.php(417): CodeIgniter\CodeIgniter->run()
 5 SYSTEMPATH/Boot.php(68): CodeIgniter\Boot::runCodeIgniter(Object(CodeIgniter\CodeIgniter))
 6 FCPATH/index.php(59): CodeIgniter\Boot::bootWeb(Object(Config\Paths))
DEBUG - 2026-05-23 17:41:33 --> Session: Class initialized using 'CodeIgniter\Session\Handlers\FileHandler' driver.
WARNING - 2026-05-23 17:41:33 --> [DEPRECATED] Creation of dynamic property App\Controllers\Home::$session is deprecated in APPPATH/Controllers/BaseController.php on line 43.
 1 APPPATH/Controllers/MY_Controller.php(14): App\Controllers\BaseController->initController(Object(CodeIgniter\HTTP\IncomingRequest), Object(CodeIgniter\HTTP\Response), Object(CodeIgniter\Log\Logger))
 2 APPPATH/Controllers/Home.php(13): App\Controllers\MY_Controller->initController(Object(CodeIgniter\HTTP\IncomingRequest), Object(CodeIgniter\HTTP\Response), Object(CodeIgniter\Log\Logger))
 3 SYSTEMPATH/CodeIgniter.php(945): App\Controllers\Home->initController(Object(CodeIgniter\HTTP\IncomingRequest), Object(CodeIgniter\HTTP\Response), Object(CodeIgniter\Log\Logger))
 4 SYSTEMPATH/CodeIgniter.php(511): CodeIgniter\CodeIgniter->createController()
 5 SYSTEMPATH/CodeIgniter.php(363): CodeIgniter\CodeIgniter->handleRequest(null, Object(Config\Cache), false)
 6 SYSTEMPATH/Boot.php(417): CodeIgniter\CodeIgniter->run()
 7 SYSTEMPATH/Boot.php(68): CodeIgniter\Boot::runCodeIgniter(Object(CodeIgniter\CodeIgniter))
 8 FCPATH/index.php(59): CodeIgniter\Boot::bootWeb(Object(Config\Paths))
WARNING - 2026-05-23 17:41:33 --> [DEPRECATED] Creation of dynamic property App\Controllers\Home::$Model_lang is deprecated in APPPATH/Controllers/MY_Controller.php on line 17.
 1 APPPATH/Controllers/Home.php(13): App\Controllers\MY_Controller->initController(Object(CodeIgniter\HTTP\IncomingRequest), Object(CodeIgniter\HTTP\Response), Object(CodeIgniter\Log\Logger))
 2 SYSTEMPATH/CodeIgniter.php(945): App\Controllers\Home->initController(Object(CodeIgniter\HTTP\IncomingRequest), Object(CodeIgniter\HTTP\Response), Object(CodeIgniter\Log\Logger))
 3 SYSTEMPATH/CodeIgniter.php(511): CodeIgniter\CodeIgniter->createController()
 4 SYSTEMPATH/CodeIgniter.php(363): CodeIgniter\CodeIgniter->handleRequest(null, Object(Config\Cache), false)
 5 SYSTEMPATH/Boot.php(417): CodeIgniter\CodeIgniter->run()
 6 SYSTEMPATH/Boot.php(68): CodeIgniter\Boot::runCodeIgniter(Object(CodeIgniter\CodeIgniter))
 7 FCPATH/index.php(59): CodeIgniter\Boot::bootWeb(Object(Config\Paths))
WARNING - 2026-05-23 17:41:33 --> [DEPRECATED] Creation of dynamic property App\Controllers\Home::$Model_common is deprecated in APPPATH/Controllers/Home.php on line 14.
 1 SYSTEMPATH/CodeIgniter.php(945): App\Controllers\Home->initController(Object(CodeIgniter\HTTP\IncomingRequest), Object(CodeIgniter\HTTP\Response), Object(CodeIgniter\Log\Logger))
 2 SYSTEMPATH/CodeIgniter.php(511): CodeIgniter\CodeIgniter->createController()
 3 SYSTEMPATH/CodeIgniter.php(363): CodeIgniter\CodeIgniter->handleRequest(null, Object(Config\Cache), false)
 4 SYSTEMPATH/Boot.php(417): CodeIgniter\CodeIgniter->run()
 5 SYSTEMPATH/Boot.php(68): CodeIgniter\Boot::runCodeIgniter(Object(CodeIgniter\CodeIgniter))
 6 FCPATH/index.php(59): CodeIgniter\Boot::bootWeb(Object(Config\Paths))
WARNING - 2026-05-23 17:41:33 --> [DEPRECATED] Creation of dynamic property App\Controllers\Home::$Model_home is deprecated in APPPATH/Controllers/Home.php on line 15.
 1 SYSTEMPATH/CodeIgniter.php(945): App\Controllers\Home->initController(Object(CodeIgniter\HTTP\IncomingRequest), Object(CodeIgniter\HTTP\Response), Object(CodeIgniter\Log\Logger))
 2 SYSTEMPATH/CodeIgniter.php(511): CodeIgniter\CodeIgniter->createController()
 3 SYSTEMPATH/CodeIgniter.php(363): CodeIgniter\CodeIgniter->handleRequest(null, Object(Config\Cache), false)
 4 SYSTEMPATH/Boot.php(417): CodeIgniter\CodeIgniter->run()
 5 SYSTEMPATH/Boot.php(68): CodeIgniter\Boot::runCodeIgniter(Object(CodeIgniter\CodeIgniter))
 6 FCPATH/index.php(59): CodeIgniter\Boot::bootWeb(Object(Config\Paths))
WARNING - 2026-05-23 17:41:33 --> [DEPRECATED] Creation of dynamic property App\Controllers\Home::$Model_portfolio is deprecated in APPPATH/Controllers/Home.php on line 16.
 1 SYSTEMPATH/CodeIgniter.php(945): App\Controllers\Home->initController(Object(CodeIgniter\HTTP\IncomingRequest), Object(CodeIgniter\HTTP\Response), Object(CodeIgniter\Log\Logger))
 2 SYSTEMPATH/CodeIgniter.php(511): CodeIgniter\CodeIgniter->createController()
 3 SYSTEMPATH/CodeIgniter.php(363): CodeIgniter\CodeIgniter->handleRequest(null, Object(Config\Cache), false)
 4 SYSTEMPATH/Boot.php(417): CodeIgniter\CodeIgniter->run()
 5 SYSTEMPATH/Boot.php(68): CodeIgniter\Boot::runCodeIgniter(Object(CodeIgniter\CodeIgniter))
 6 FCPATH/index.php(59): CodeIgniter\Boot::bootWeb(Object(Config\Paths))
